-- Generation time: Fri, 13 Mar 2020 23:03:38 +0000
-- Host: mysql.hostinger.ro
-- DB name: u574849695_25
/*!40030 SET NAMES UTF8 */;
/*!40101 SET @OLD_CHARACTER_SET_CLIENT=@@CHARACTER_SET_CLIENT */;
/*!40101 SET @OLD_CHARACTER_SET_RESULTS=@@CHARACTER_SET_RESULTS */;
/*!40101 SET @OLD_COLLATION_CONNECTION=@@COLLATION_CONNECTION */;
/*!40103 SET @OLD_TIME_ZONE=@@TIME_ZONE */;
/*!40103 SET TIME_ZONE='+00:00' */;
/*!40014 SET @OLD_UNIQUE_CHECKS=@@UNIQUE_CHECKS, UNIQUE_CHECKS=0 */;
/*!40014 SET @OLD_FOREIGN_KEY_CHECKS=@@FOREIGN_KEY_CHECKS, FOREIGN_KEY_CHECKS=0 */;
/*!40101 SET @OLD_SQL_MODE=@@SQL_MODE, SQL_MODE='NO_AUTO_VALUE_ON_ZERO' */;
/*!40111 SET @OLD_SQL_NOTES=@@SQL_NOTES, SQL_NOTES=0 */;

drop database if exists vk;
create database vk;
use vk;

DROP TABLE IF EXISTS `communities`;
CREATE TABLE `communities` (
  `id` bigint(20) unsigned NOT NULL AUTO_INCREMENT,
  `name` varchar(200) COLLATE utf8_unicode_ci DEFAULT NULL,
  PRIMARY KEY (`id`)
) ENGINE=InnoDB AUTO_INCREMENT=101 DEFAULT CHARSET=utf8 COLLATE=utf8_unicode_ci;

INSERT INTO `communities` VALUES ('1','et'),
('2','voluptas'),
('3','ea'),
('4','quia'),
('5','corrupti'),
('6','eos'),
('7','blanditiis'),
('8','fuga'),
('9','dolorum'),
('10','commodi'),
('11','qui'),
('12','quia'),
('13','sapiente'),
('14','ut'),
('15','molestiae'),
('16','accusamus'),
('17','similique'),
('18','ipsum'),
('19','omnis'),
('20','est'),
('21','dolores'),
('22','praesentium'),
('23','non'),
('24','recusandae'),
('25','aut'),
('26','illo'),
('27','nam'),
('28','animi'),
('29','voluptatibus'),
('30','repellat'),
('31','eos'),
('32','eum'),
('33','exercitationem'),
('34','et'),
('35','qui'),
('36','sit'),
('37','placeat'),
('38','id'),
('39','reiciendis'),
('40','eaque'),
('41','dolore'),
('42','odit'),
('43','ut'),
('44','perspiciatis'),
('45','quo'),
('46','voluptates'),
('47','eaque'),
('48','illo'),
('49','voluptatem'),
('50','magni'),
('51','aut'),
('52','vero'),
('53','sed'),
('54','esse'),
('55','aliquam'),
('56','aperiam'),
('57','at'),
('58','repudiandae'),
('59','voluptates'),
('60','ut'),
('61','eum'),
('62','cumque'),
('63','quisquam'),
('64','deserunt'),
('65','dignissimos'),
('66','ut'),
('67','dolores'),
('68','nemo'),
('69','incidunt'),
('70','aperiam'),
('71','illum'),
('72','in'),
('73','nihil'),
('74','tempore'),
('75','omnis'),
('76','possimus'),
('77','rem'),
('78','perferendis'),
('79','totam'),
('80','id'),
('81','omnis'),
('82','neque'),
('83','non'),
('84','quas'),
('85','et'),
('86','libero'),
('87','et'),
('88','qui'),
('89','cum'),
('90','et'),
('91','sit'),
('92','nobis'),
('93','non'),
('94','laudantium'),
('95','numquam'),
('96','a'),
('97','est'),
('98','deleniti'),
('99','dolorem'),
('100','cum');


DROP TABLE IF EXISTS `friend_list`;
CREATE TABLE `friend_list` (
  `id` bigint(20) unsigned NOT NULL AUTO_INCREMENT,
  `user_id` bigint(20) unsigned DEFAULT NULL,
  PRIMARY KEY (`id`),
  KEY `user_id` (`user_id`),
  CONSTRAINT `friend_list_ibfk_1` FOREIGN KEY (`user_id`) REFERENCES `users` (`id`)
) ENGINE=InnoDB AUTO_INCREMENT=101 DEFAULT CHARSET=utf8 COLLATE=utf8_unicode_ci;

INSERT INTO `friend_list` VALUES ('1','101'),
('62','101'),
('2','103'),
('63','103'),
('3','105'),
('64','105'),
('4','106'),
('65','106'),
('5','107'),
('66','107'),
('6','108'),
('67','108'),
('7','109'),
('68','109'),
('8','112'),
('69','112'),
('9','113'),
('70','113'),
('10','114'),
('71','114'),
('11','117'),
('72','117'),
('12','118'),
('73','118'),
('13','119'),
('74','119'),
('14','121'),
('75','121'),
('15','123'),
('76','123'),
('16','124'),
('77','124'),
('17','125'),
('78','125'),
('18','126'),
('79','126'),
('19','127'),
('80','127'),
('20','133'),
('81','133'),
('21','136'),
('82','136'),
('22','138'),
('83','138'),
('23','140'),
('84','140'),
('24','142'),
('85','142'),
('25','143'),
('86','143'),
('26','144'),
('87','144'),
('27','147'),
('88','147'),
('28','148'),
('89','148'),
('29','149'),
('90','149'),
('30','150'),
('91','150'),
('31','151'),
('92','151'),
('32','155'),
('93','155'),
('33','156'),
('94','156'),
('34','157'),
('95','157'),
('35','160'),
('96','160'),
('36','161'),
('97','161'),
('37','162'),
('98','162'),
('38','163'),
('99','163'),
('39','164'),
('100','164'),
('40','165'),
('41','166'),
('42','167'),
('43','173'),
('44','174'),
('45','177'),
('46','179'),
('47','181'),
('48','182'),
('49','183'),
('50','185'),
('51','186'),
('52','187'),
('53','188'),
('54','189'),
('55','191'),
('56','194'),
('57','195'),
('58','196'),
('59','197'),
('60','198'),
('61','199');


DROP TABLE IF EXISTS `friend_request`;
CREATE TABLE `friend_request` (
  `initiator_user_id` bigint(20) unsigned NOT NULL,
  `target_user_id` bigint(20) unsigned NOT NULL,
  `status` enum('requested','approved','declined','unfriended') COLLATE utf8_unicode_ci DEFAULT NULL,
  `requested_at` datetime DEFAULT current_timestamp(),
  `updated_at` datetime DEFAULT NULL ON UPDATE current_timestamp(),
  PRIMARY KEY (`initiator_user_id`,`target_user_id`),
  KEY `target_user_id` (`target_user_id`),
  CONSTRAINT `friend_request_ibfk_1` FOREIGN KEY (`initiator_user_id`) REFERENCES `users` (`id`),
  CONSTRAINT `friend_request_ibfk_2` FOREIGN KEY (`target_user_id`) REFERENCES `users` (`id`)
) ENGINE=InnoDB DEFAULT CHARSET=utf8 COLLATE=utf8_unicode_ci;

INSERT INTO `friend_request` VALUES ('101','101','approved','1998-06-07 00:19:09','2017-08-24 02:52:01'),
('103','103','declined','1977-06-05 09:51:23','1988-10-27 23:07:28'),
('105','105','declined','1970-11-13 00:54:16','2019-01-24 23:58:39'),
('106','106','approved','1979-02-02 16:44:24','1977-09-05 21:51:55'),
('107','107','requested','2009-12-04 17:46:50','1976-10-12 00:23:38'),
('108','108','approved','1974-08-07 22:16:55','2000-09-17 11:05:18'),
('109','109','requested','2008-06-29 21:38:51','1977-01-05 03:23:15'),
('112','112','approved','1982-08-22 18:26:21','1991-06-21 16:39:52'),
('113','113','unfriended','1999-07-09 06:57:19','1995-06-23 09:04:25'),
('114','114','declined','1987-04-12 14:15:39','2004-01-17 18:54:14'),
('117','117','approved','1977-10-07 08:46:56','1981-09-27 17:30:52'),
('118','118','approved','2007-04-04 21:09:39','1975-10-24 17:53:19'),
('119','119','declined','2011-01-12 00:46:02','1970-06-27 09:44:47'),
('121','121','approved','2002-07-24 19:52:51','1997-05-25 16:55:23'),
('123','123','requested','2016-02-20 22:48:44','1986-08-25 20:17:44'),
('124','124','requested','2005-03-11 03:00:19','1992-12-01 16:13:28'),
('125','125','requested','1988-07-08 01:20:07','1987-05-25 20:22:52'),
('126','126','unfriended','1981-07-01 01:50:59','1983-04-10 14:19:23'),
('127','127','requested','1973-11-12 22:17:49','1995-05-22 03:38:26'),
('133','133','requested','1993-03-13 12:00:21','1993-03-31 12:58:17'),
('136','136','approved','2005-04-19 00:41:00','1984-08-12 01:56:30'),
('138','138','requested','1977-02-02 12:36:58','1990-04-18 01:47:33'),
('140','140','declined','1983-11-29 10:28:17','2000-11-18 18:25:34'),
('142','142','approved','1977-07-19 14:19:37','1977-11-06 12:10:31'),
('143','143','approved','2012-12-05 23:56:14','2003-03-02 19:58:45'),
('144','144','declined','1976-08-26 08:20:48','2012-09-24 12:48:09'),
('147','147','declined','1980-10-17 22:50:39','1988-01-22 17:52:24'),
('148','148','declined','1985-01-01 21:46:26','2012-12-04 14:57:18'),
('149','149','unfriended','2002-02-12 14:16:58','1973-11-12 02:33:18'),
('150','150','approved','1994-09-21 22:05:37','1996-07-30 20:11:25'),
('151','151','approved','1986-03-24 23:15:32','1977-05-21 09:15:04'),
('155','155','requested','2000-03-21 00:45:00','1975-02-12 12:54:44'),
('156','156','requested','1976-01-20 23:50:35','1994-04-19 16:59:11'),
('157','157','requested','1986-06-02 07:23:22','1999-09-26 09:39:05'),
('160','160','unfriended','2018-10-02 11:59:45','2008-05-04 00:49:11'),
('161','161','unfriended','1997-09-30 16:10:34','1979-02-28 18:21:19'),
('162','162','unfriended','1995-11-01 04:29:10','1986-06-16 15:20:22'),
('163','163','approved','1976-05-12 23:28:04','2007-07-12 02:34:57'),
('164','164','approved','1990-11-15 01:47:09','2012-03-01 05:15:57'),
('165','165','approved','1977-04-13 11:37:22','2009-11-19 10:42:11'),
('166','166','unfriended','1970-05-15 15:01:39','1998-05-11 01:04:27'),
('167','167','requested','1982-05-21 23:36:16','1979-10-12 22:04:00'),
('173','173','approved','1979-01-02 05:36:27','2010-03-05 17:09:08'),
('174','174','approved','2000-02-16 09:17:46','1987-06-18 18:43:39'),
('177','177','approved','2006-04-26 10:16:04','1974-07-18 09:50:18'),
('179','179','requested','1983-05-10 10:41:59','1981-07-23 06:41:22'),
('181','181','declined','2016-08-09 21:46:40','2007-12-09 12:18:36'),
('182','182','requested','1987-02-12 20:07:23','1975-08-18 03:50:00'),
('183','183','requested','2016-12-10 10:02:53','1978-04-30 05:12:20'),
('185','185','approved','1990-11-27 16:42:27','2006-04-22 17:19:59'),
('186','186','declined','1971-04-28 15:25:40','1988-01-17 02:22:55'),
('187','187','approved','1980-05-08 19:28:05','2014-04-23 14:50:20'),
('188','188','unfriended','1984-06-13 18:56:44','1985-11-03 18:32:46'),
('189','189','unfriended','2020-02-26 18:19:51','1986-04-26 06:19:16'),
('191','191','unfriended','2007-11-16 21:19:10','2011-04-05 07:21:55'),
('194','194','declined','1996-06-16 18:09:37','1975-11-30 14:20:44'),
('195','195','unfriended','2001-02-20 11:19:19','2015-07-15 16:33:31'),
('196','196','unfriended','2001-09-05 22:31:42','2010-12-30 22:50:40'),
('197','197','unfriended','2008-04-27 07:28:09','2009-06-22 16:58:06'),
('198','198','requested','2013-06-19 22:04:26','1997-12-03 03:11:21'),
('199','199','approved','2002-12-04 20:37:54','1985-07-03 09:31:05');


DROP TABLE IF EXISTS `likes`;
CREATE TABLE `likes` (
  `id` bigint(20) unsigned NOT NULL AUTO_INCREMENT,
  `user_id` bigint(20) unsigned NOT NULL,
  `media_id` bigint(20) unsigned NOT NULL,
  `create_at` datetime DEFAULT current_timestamp(),
  PRIMARY KEY (`id`),
  KEY `user_id` (`user_id`),
  KEY `media_id` (`media_id`),
  CONSTRAINT `likes_ibfk_1` FOREIGN KEY (`user_id`) REFERENCES `users` (`id`),
  CONSTRAINT `likes_ibfk_2` FOREIGN KEY (`media_id`) REFERENCES `media` (`id`)
) ENGINE=InnoDB AUTO_INCREMENT=101 DEFAULT CHARSET=utf8 COLLATE=utf8_unicode_ci;

INSERT INTO `likes` VALUES ('1','101','1','2007-05-30 13:59:33'),
('2','103','2','1971-03-15 11:35:18'),
('3','105','3','2017-01-16 06:16:24'),
('4','106','4','1996-08-30 17:00:31'),
('5','107','5','1997-07-20 03:54:57'),
('6','108','6','2004-02-05 20:34:11'),
('7','109','7','2004-08-05 11:10:56'),
('8','112','8','1972-12-10 20:10:35'),
('9','113','9','1979-03-05 15:56:23'),
('10','114','10','1995-12-18 10:34:33'),
('11','117','11','1996-02-17 08:53:09'),
('12','118','12','1972-06-27 10:29:44'),
('13','119','13','1988-06-11 02:58:48'),
('14','121','14','2012-03-08 23:41:18'),
('15','123','15','1971-06-28 16:32:02'),
('16','124','16','2003-09-04 09:52:51'),
('17','125','17','1985-07-04 00:11:33'),
('18','126','18','1995-07-02 12:41:23'),
('19','127','19','2005-06-02 08:49:25'),
('20','133','20','1970-08-15 12:49:55'),
('21','136','21','1993-08-02 23:18:12'),
('22','138','22','1977-01-03 21:28:11'),
('23','140','23','1997-09-24 05:17:00'),
('24','142','24','1981-03-15 18:18:48'),
('25','143','25','1998-08-24 12:06:13'),
('26','144','26','1991-07-02 00:41:59'),
('27','147','27','1977-03-14 04:53:09'),
('28','148','28','1996-02-07 04:31:26'),
('29','149','29','1988-10-08 17:20:02'),
('30','150','30','1979-09-02 19:07:34'),
('31','151','31','1980-05-09 19:07:11'),
('32','155','32','1983-12-09 15:50:28'),
('33','156','33','1970-11-04 18:45:58'),
('34','157','34','1993-01-11 09:17:29'),
('35','160','35','2015-07-19 09:41:01'),
('36','161','36','2007-05-08 13:26:22'),
('37','162','37','1999-01-08 20:52:45'),
('38','163','38','1970-01-30 11:03:53'),
('39','164','39','2005-08-01 04:41:24'),
('40','165','40','1981-07-26 18:29:11'),
('41','166','41','2011-01-13 05:14:43'),
('42','167','42','1983-09-03 18:43:16'),
('43','173','43','1996-10-31 17:52:12'),
('44','174','44','2013-01-01 21:37:58'),
('45','177','45','1991-05-07 22:47:39'),
('46','179','46','1976-05-12 05:57:19'),
('47','181','47','2012-07-13 17:15:30'),
('48','182','48','2009-05-01 00:54:36'),
('49','183','49','2000-02-01 00:35:50'),
('50','185','50','1980-04-09 03:29:06'),
('51','186','51','2010-10-17 16:17:06'),
('52','187','52','2016-12-02 02:12:56'),
('53','188','53','1990-03-18 23:19:41'),
('54','189','54','2008-06-14 23:14:50'),
('55','191','55','2000-05-01 01:58:27'),
('56','194','56','2015-04-29 03:05:46'),
('57','195','57','2003-10-03 13:16:10'),
('58','196','58','1976-01-12 06:52:56'),
('59','197','59','1995-10-01 13:45:21'),
('60','198','60','1983-04-14 10:16:30'),
('61','199','61','1999-09-08 08:03:59'),
('62','101','62','2015-08-30 23:14:08'),
('63','103','63','1987-05-20 23:51:29'),
('64','105','64','1996-07-27 06:54:16'),
('65','106','65','1982-04-05 04:25:59'),
('66','107','66','1990-09-06 13:30:04'),
('67','108','67','2004-06-15 02:35:30'),
('68','109','68','1995-05-17 06:00:14'),
('69','112','69','1985-04-23 19:06:30'),
('70','113','70','1998-01-18 09:45:21'),
('71','114','71','2005-01-11 08:31:56'),
('72','117','72','1999-12-03 14:27:24'),
('73','118','73','2004-06-27 19:47:07'),
('74','119','74','2014-11-09 00:26:01'),
('75','121','75','1996-05-28 20:13:22'),
('76','123','76','2018-01-28 21:52:33'),
('77','124','77','2002-06-30 02:22:02'),
('78','125','78','1997-04-19 19:39:39'),
('79','126','79','2005-03-21 09:02:44'),
('80','127','80','1994-07-30 18:08:26'),
('81','133','81','1986-05-26 03:58:21'),
('82','136','82','1971-12-31 18:53:51'),
('83','138','83','1990-11-29 20:48:00'),
('84','140','84','2012-10-03 01:43:55'),
('85','142','85','2011-06-06 23:27:13'),
('86','143','86','2004-04-05 07:43:46'),
('87','144','87','2008-01-13 23:45:33'),
('88','147','88','1976-11-29 13:25:11'),
('89','148','89','1993-03-31 02:13:06'),
('90','149','90','2012-02-16 15:46:38'),
('91','150','91','2003-05-18 03:31:38'),
('92','151','92','1996-02-25 05:38:17'),
('93','155','93','2016-08-24 20:41:42'),
('94','156','94','1972-08-24 17:01:49'),
('95','157','95','2006-04-10 20:21:25'),
('96','160','96','1970-12-22 04:58:24'),
('97','161','97','1994-09-22 02:49:53'),
('98','162','98','2015-06-14 03:21:21'),
('99','163','99','2002-02-06 11:54:40'),
('100','164','100','2002-12-12 08:41:26');


DROP TABLE IF EXISTS `media`;
CREATE TABLE `media` (
  `id` bigint(20) unsigned NOT NULL AUTO_INCREMENT,
  `media_type_id` bigint(20) unsigned NOT NULL,
  `user_id` bigint(20) unsigned NOT NULL,
  `body` text COLLATE utf8_unicode_ci DEFAULT NULL,
  `filename` varchar(255) COLLATE utf8_unicode_ci DEFAULT NULL,
  `size` int(11) DEFAULT NULL,
  `metadata` longtext CHARACTER SET utf8mb4 COLLATE utf8mb4_bin DEFAULT NULL,
  `created_at` datetime DEFAULT current_timestamp(),
  `updated_at` datetime DEFAULT current_timestamp() ON UPDATE current_timestamp(),
  PRIMARY KEY (`id`),
  KEY `user_id` (`user_id`),
  KEY `media_type_id` (`media_type_id`),
  CONSTRAINT `media_ibfk_1` FOREIGN KEY (`user_id`) REFERENCES `users` (`id`),
  CONSTRAINT `media_ibfk_2` FOREIGN KEY (`media_type_id`) REFERENCES `media_types` (`id`)
) ENGINE=InnoDB AUTO_INCREMENT=101 DEFAULT CHARSET=utf8 COLLATE=utf8_unicode_ci;

INSERT INTO `media` VALUES ('1','1','101','Saepe autem facere praesentium officia blanditiis. Dolores repudiandae numquam et provident fugit et iure. Quaerat voluptas error autem consequatur. Odit est consequatur ipsam reiciendis eligendi ut ullam ullam.','quasi','460761094',NULL,'1978-10-29 22:52:03','2004-09-14 09:52:54'),
('2','2','103','Corporis totam vero aspernatur autem facilis nisi. Aut repellat minima esse quas debitis qui molestias. Impedit fugiat consequuntur ipsum voluptas a a. Ea facere quaerat maxime cum voluptas occaecati commodi.','voluptatem','55952',NULL,'1984-08-25 13:58:28','1970-03-20 12:47:29'),
('3','3','105','Voluptatem autem laudantium ut eum. Aspernatur animi deleniti vel sit commodi voluptatum adipisci at. Suscipit libero ad delectus optio. Cum in quisquam aspernatur sint sit atque velit non.','consequuntur','159847728',NULL,'1970-12-17 07:58:05','2018-03-24 23:24:25'),
('4','4','106','Autem quam labore dolores. Quis aut repellendus ut et asperiores quo eius in.','commodi','455',NULL,'2014-08-28 14:13:29','2013-05-30 05:14:54'),
('5','5','107','Pariatur sed et non et qui magnam suscipit. Dolorum dolores nihil earum consequatur. Animi quibusdam est perspiciatis culpa quam est.','rerum','49306764',NULL,'2008-06-11 19:48:25','1985-12-14 05:39:04'),
('6','6','108','Excepturi soluta quia perspiciatis dolore et perferendis consequatur. Eius architecto aliquam quaerat cupiditate veniam. Labore harum quo suscipit ut.','ea','0',NULL,'1979-07-15 18:04:32','1978-07-11 16:08:10'),
('7','7','109','Illum dolores et dignissimos alias pariatur. Est sapiente excepturi repellat. Minus tempora eos adipisci repudiandae corporis aut.','aut','6824',NULL,'2002-04-03 01:03:16','2004-07-12 14:29:49'),
('8','8','112','Consectetur nostrum accusamus perspiciatis sit placeat eos hic laudantium. Provident deleniti fuga sint fugit. Dolorem illum dolores porro sit unde saepe itaque nisi.','explicabo','12270077',NULL,'1981-12-13 03:58:53','1982-04-29 02:54:08'),
('9','9','113','Quod laudantium libero fugit voluptas ipsum itaque eos. Rem pariatur repellendus consectetur numquam maiores vero porro.','nobis','9',NULL,'1975-10-13 23:07:09','2016-04-17 22:17:18'),
('10','10','114','Iste harum praesentium dolor consequatur et. Magnam et nisi qui aut quod asperiores suscipit. Non sint et quo vel quae quasi dolorem doloribus. Quo minima aspernatur quas assumenda qui.','quibusdam','9599',NULL,'1998-08-01 21:23:10','1999-10-12 17:16:55'),
('11','11','117','Placeat nulla nihil deleniti. Et mollitia omnis iure omnis expedita. Dolores ipsa molestias quam eos error voluptates animi.','qui','6435958',NULL,'1980-10-21 16:40:32','1986-09-06 19:43:19'),
('12','12','118','Assumenda distinctio itaque quo placeat soluta sunt quia. Nam recusandae enim autem sapiente. Odio consequatur et sint accusamus iure. Reprehenderit reprehenderit voluptatem cumque praesentium quia deserunt ex aut.','pariatur','4',NULL,'2018-01-05 14:01:15','1995-01-31 20:52:39'),
('13','13','119','Velit quas eaque aut rem occaecati facere sint ut. Ea animi explicabo aut perspiciatis quas similique fugiat similique. Tempore iusto et rerum fugiat aspernatur.','rerum','0',NULL,'2018-11-29 05:27:42','1996-09-22 10:27:33'),
('14','14','121','Qui accusamus sed magnam. Officiis perspiciatis quisquam laboriosam totam in magni. Quibusdam dolore sint dicta atque. Qui ut vel voluptatem et. Necessitatibus quas iusto deleniti odit hic aut ratione.','modi','6',NULL,'2005-11-01 20:02:57','1970-10-07 18:48:42'),
('15','15','123','Omnis laudantium ut facere eius labore inventore qui. Itaque ducimus velit iusto cumque aut.','et','270',NULL,'1980-12-07 21:56:20','1981-03-19 03:58:02'),
('16','16','124','Ipsa corporis autem ullam sapiente nemo nam et. Ut at praesentium sequi et doloremque commodi. Enim possimus placeat quibusdam nisi consequuntur.','tempore','65692',NULL,'1980-09-27 14:43:30','1996-07-08 21:05:41'),
('17','17','125','Omnis corporis alias reiciendis sed veritatis expedita. Ut ex expedita officia id suscipit. Ut laborum mollitia quas. Quia doloremque eligendi eaque voluptatibus porro accusamus.','et','2609',NULL,'1978-01-26 12:31:54','1990-08-12 02:36:01'),
('18','18','126','Earum architecto est aliquam tempora facere vero repellendus ullam. Et fuga facilis tenetur est perspiciatis. Reprehenderit modi quia quia eaque. Qui consectetur qui sit tenetur voluptas eum aperiam.','ea','149',NULL,'1972-08-25 04:11:48','1992-06-15 11:07:10'),
('19','19','127','Saepe omnis ex et ratione eius quisquam excepturi. Quae adipisci eligendi assumenda molestiae molestiae ex cupiditate minima. Maiores beatae assumenda eligendi amet sapiente magnam quia atque.','ipsam','5203075',NULL,'2016-05-10 14:55:11','1982-08-15 08:04:26'),
('20','20','133','Praesentium non quasi quasi reprehenderit explicabo nesciunt ut. Quod unde hic modi animi velit dignissimos. Eos doloremque excepturi labore rerum vero soluta minima amet.','aut','65992',NULL,'1972-12-17 02:30:55','2005-06-22 05:04:07'),
('21','1','136','Doloremque excepturi nisi qui aliquid delectus repellendus. Quos accusantium id tempora excepturi temporibus iure assumenda similique. Natus totam odio rerum sit.','dolores','89',NULL,'1972-10-13 13:15:40','1991-09-19 16:33:56'),
('22','2','138','Suscipit nulla quia dolorem in. Eos unde recusandae ut voluptas. Maiores voluptatem error placeat porro quidem reprehenderit laudantium.','et','78823',NULL,'1999-09-20 06:32:51','1984-12-15 19:56:56'),
('23','3','140','Quam sint commodi accusamus et. Recusandae sed nobis consequuntur error enim. Est eum tenetur voluptas et voluptatem dolorem. Commodi fugit consequatur minima accusamus et ut.','adipisci','1509',NULL,'1976-02-03 10:58:43','1991-05-08 13:31:41'),
('24','4','142','Voluptas natus qui pariatur sint mollitia. Sint non facilis et.','sed','892584965',NULL,'2018-01-13 11:03:04','2014-01-05 02:42:37'),
('25','5','143','Dolorem tempora non voluptas vel suscipit qui. Qui tempore suscipit repellendus dignissimos est omnis recusandae suscipit. Quis reprehenderit accusantium incidunt rem ratione.','voluptatem','8805',NULL,'1986-01-04 19:06:24','1971-06-03 10:34:58'),
('26','6','144','Accusamus quia quia placeat fuga quia facilis. Aliquid enim non provident. Non placeat maiores sed qui totam voluptatem cum. Eius est consequatur pariatur iusto.','dolorem','443',NULL,'2011-05-28 04:56:30','2017-02-20 23:57:06'),
('27','7','147','Tempora aliquid nisi iste eum dolorem ut sed. Quia rerum quo dolores nisi. Iure pariatur placeat laudantium animi voluptates dolor autem. Error aut illo minus non molestias.','velit','4786',NULL,'2016-01-07 04:44:58','1980-12-16 01:11:24'),
('28','8','148','Ut ducimus est at natus ducimus ipsam. Facere sint in id ratione itaque ea repellendus alias. Incidunt quis sunt sapiente provident voluptatem officiis quia quis.','sint','465028',NULL,'1979-02-24 02:11:18','1997-08-03 17:35:23'),
('29','9','149','Molestiae non iste iure temporibus quaerat quia eaque neque. Corporis culpa alias suscipit error necessitatibus. Saepe unde nihil et dolor ipsa. Qui sint voluptate omnis libero. Non eos et labore qui quibusdam aut unde.','quia','200',NULL,'1982-07-13 02:30:25','1971-09-01 01:03:59'),
('30','10','150','Dolores quia autem rem odit voluptatibus quo in. Vel asperiores totam sequi dolores asperiores omnis.','cupiditate','0',NULL,'1971-01-19 19:41:09','1989-06-04 17:25:43'),
('31','11','151','Enim voluptatibus harum et delectus. Dolore quam qui adipisci dolorem qui et ducimus. Commodi qui consectetur consequatur itaque ex inventore atque.','ea','920',NULL,'2001-05-13 10:51:38','2011-06-19 01:55:45'),
('32','12','155','Ut sed impedit atque iure quod. Reiciendis consequuntur at pariatur nobis quos ipsam. Rerum ea est fugit illo sunt.','ea','3197',NULL,'1985-06-28 21:37:34','1981-05-13 21:19:43'),
('33','13','156','Quis cupiditate soluta incidunt ratione. Ipsa omnis omnis repudiandae. Corporis non numquam sunt ab quo.','et','763',NULL,'2002-05-15 20:25:58','2003-05-29 02:41:00'),
('34','14','157','Consectetur doloremque rerum id dolor dolorem et. Laboriosam sequi cupiditate perspiciatis voluptate. Eos quos voluptas sunt qui.','voluptatem','73259',NULL,'2010-07-14 16:24:19','1976-02-25 19:03:26'),
('35','15','160','Expedita nulla tempora nostrum exercitationem rerum vitae iure. Et ut aut nihil tenetur. Enim velit est inventore quo ad occaecati.','tempore','1868161',NULL,'2018-10-05 19:06:32','1977-05-06 04:58:40'),
('36','16','161','Dignissimos maxime similique est earum dolorum sit suscipit. Molestiae molestias voluptas libero dolorem facere nulla perspiciatis eos. Est delectus qui exercitationem qui minima recusandae corporis. Quod doloremque sunt vel eum est eaque distinctio sed. Nam dolor debitis rerum autem vitae minima et quia.','reprehenderit','2',NULL,'1971-02-23 04:02:16','1981-06-21 04:40:35'),
('37','17','162','Sunt perferendis eaque voluptatem quo. Est cumque non dicta aut perferendis reprehenderit. Velit sequi blanditiis et beatae ut. Aliquid molestias cumque ut corporis id aspernatur est sunt. Corporis voluptatem optio aliquam maxime molestiae et excepturi.','ut','0',NULL,'2005-02-01 05:17:58','2005-03-10 19:04:53'),
('38','18','163','Nostrum nobis beatae dignissimos deleniti. Dolorum vero ut vel mollitia officiis. Nihil optio in est totam nesciunt consequatur. Qui velit unde accusamus ex et eum atque quas.','possimus','68',NULL,'2002-04-21 00:50:47','2015-09-10 15:35:11'),
('39','19','164','Sunt necessitatibus reprehenderit soluta quia molestias. Asperiores dolore nostrum nam modi animi. Ut nihil tempora itaque soluta odit voluptatem. Sed quis corrupti sit minima illo dolores.','ea','808',NULL,'1997-02-21 12:40:26','2001-07-18 07:36:49'),
('40','20','165','Illo quia temporibus est ratione voluptate. Aut quo et et inventore. Voluptatem labore voluptatem omnis optio ipsum et aperiam.','eum','67993',NULL,'1971-08-04 23:55:48','1986-01-17 10:10:21'),
('41','1','166','Consequatur delectus et ea quia quisquam eum quae. Eum vel commodi nihil quis rem numquam. Modi quaerat est aut et aperiam reiciendis.','quaerat','14527909',NULL,'1996-10-13 21:31:45','1974-08-25 10:13:38'),
('42','2','167','Magni alias quidem iusto qui perferendis. Repudiandae molestias vero molestiae commodi. Nostrum blanditiis rerum repellendus nisi et. Nobis id consequuntur dolores.','voluptate','7779',NULL,'2012-01-28 09:39:30','1976-06-05 07:06:00'),
('43','3','173','Dolorum iure animi nam recusandae. Recusandae rerum aut sed blanditiis. Non sit ut minima dolores sit facere. Explicabo amet laboriosam sint.','laboriosam','6993',NULL,'2005-09-04 10:14:30','2004-10-11 00:35:12'),
('44','4','174','Sed fuga optio alias est et qui. Sapiente ex ut hic quia qui est sint quia. Sunt fuga voluptatem voluptatum. Ex natus consequatur excepturi enim. Nostrum minus maxime sint quasi voluptatem qui.','eveniet','0',NULL,'1988-06-11 09:14:09','2016-04-29 12:00:41'),
('45','5','177','Ad voluptas veritatis similique repudiandae. Qui non ut quia voluptatem corrupti illo magnam. Ad consequatur assumenda praesentium rem dolores explicabo.','beatae','259546924',NULL,'2009-12-04 16:07:50','2001-01-28 12:36:26'),
('46','6','179','Impedit sed qui omnis quis est. Qui accusantium placeat aut animi inventore illum ea. Magnam qui est corrupti pariatur quod libero. Itaque accusantium laborum beatae id consectetur.','incidunt','79688',NULL,'1985-09-21 07:03:51','1970-10-24 02:46:57'),
('47','7','181','Perferendis facilis sint optio dolorem labore beatae laudantium rerum. Autem ut ut ducimus corrupti aut. Neque aut debitis adipisci. Eveniet aliquid aperiam sed nulla.','sint','795133',NULL,'2017-05-17 03:44:46','2010-08-21 03:12:44'),
('48','8','182','Ut ut nihil cupiditate rerum. Ipsum minus distinctio cum qui hic reprehenderit enim. Sequi odit unde dolorem. Non sit sed iusto corporis porro distinctio.','cupiditate','963111700',NULL,'1996-03-19 00:36:35','1976-02-15 10:52:09'),
('49','9','183','Consequatur exercitationem fugit velit repellendus ut alias provident autem. Et ea magnam accusantium dolore magnam ducimus totam. Sed repellendus dolor minus non alias. Qui cumque ullam nesciunt odit aliquam repudiandae repellendus. Officia quae numquam repudiandae accusamus voluptatem id.','non','616849',NULL,'1987-07-20 23:49:16','1990-04-20 08:07:46'),
('50','10','185','Est quibusdam sed et tenetur error aspernatur repellat. Doloremque excepturi cumque enim quis. Aspernatur fugit voluptas dolorum.','aut','173945743',NULL,'2013-07-12 21:57:08','2013-05-02 23:38:03'),
('51','11','186','Quod qui ex libero quisquam voluptas necessitatibus. Ipsa et dolor est. Consequatur fugiat aut omnis consequuntur rerum pariatur. Officia voluptatem ad ea.','facere','96357118',NULL,'1994-09-12 02:09:44','2005-08-31 18:07:58'),
('52','12','187','Vel assumenda omnis perspiciatis rerum quibusdam veniam. Sapiente quia laborum nesciunt dolorem provident et repudiandae. Consequatur et doloribus maxime libero odio est. Quia sed est nihil quia ut consequatur adipisci possimus.','unde','3450',NULL,'1999-05-24 22:00:13','1987-11-07 14:27:30'),
('53','13','188','Non nam soluta quibusdam est et. Ipsa officia et non quae corporis iste quisquam harum.','sit','572',NULL,'1998-11-19 15:15:28','2007-05-25 09:55:14'),
('54','14','189','Optio voluptatibus aut quisquam qui sapiente. Quia natus itaque quo ea tenetur ducimus nobis voluptate. Et maiores adipisci quibusdam et earum iure qui qui. Est qui et nihil adipisci voluptas temporibus.','architecto','73166811',NULL,'1992-03-13 18:06:37','2005-11-02 02:32:16'),
('55','15','191','In nobis et ea voluptatem sunt. Nulla nihil qui ipsum dolor. Sed corporis ut reiciendis. Tempore sunt error optio sunt blanditiis.','minus','37138',NULL,'1985-05-17 17:00:47','1980-05-17 03:52:12'),
('56','16','194','Quis deserunt suscipit fuga culpa. Mollitia accusamus eos itaque accusantium voluptatibus. Qui accusamus architecto voluptate modi quod eos tenetur. Est accusantium ut provident autem.','non','6108297',NULL,'2018-09-28 09:57:26','2006-05-14 07:05:41'),
('57','17','195','Voluptatum nostrum occaecati nihil iste eaque sed omnis. Est et laborum eos maxime est non alias. Dicta blanditiis excepturi expedita id ipsum vel id. Et quia et quas quas esse minima.','consequatur','89795',NULL,'1977-12-13 01:30:06','1972-10-28 06:00:48'),
('58','18','196','Voluptatem rerum enim quibusdam ut. Explicabo et cumque voluptate ipsam. Dolores nemo sequi facilis quis dolor est cum et. Laborum enim eos voluptatem autem saepe itaque accusamus.','voluptates','373',NULL,'2018-04-08 08:54:44','1983-10-03 00:24:26'),
('59','19','197','Sed optio est similique. Commodi voluptas delectus occaecati sed sit inventore est. Optio quas harum ex accusamus aperiam doloribus laboriosam. Qui repellat iure dolorem deserunt.','vel','80',NULL,'1992-12-11 02:07:32','1982-10-31 14:18:21'),
('60','20','198','Error laboriosam possimus sit autem. Quibusdam voluptatem quia non dolor enim. Sed omnis omnis aut occaecati nobis delectus. Eligendi autem ipsum consequuntur praesentium voluptates ea nam.','delectus','40',NULL,'1971-03-03 17:11:50','2004-08-09 23:38:39'),
('61','1','199','Aut maxime enim aut impedit dolorem ea. Quia perspiciatis quam et vel voluptatem dolores. Natus sunt ut ipsum est doloremque et eligendi fugiat. Voluptas eos nemo voluptatem magnam ut aut. Voluptatem deserunt sed qui.','ipsum','8426607',NULL,'1992-01-26 07:19:01','1974-08-31 03:41:00'),
('62','2','101','Blanditiis nisi numquam sint voluptas est vel corporis. Dolores aliquid nemo aut ut. Enim autem rerum dignissimos.','laudantium','0',NULL,'1970-05-07 02:26:40','1994-01-11 02:33:44'),
('63','3','103','Ipsum commodi in qui est veniam fugiat voluptatem. Laudantium placeat aut autem similique. Consequatur illum hic quia culpa nisi. Aut ipsum quia in a quos sed.','rerum','417',NULL,'2010-09-22 22:58:55','1995-03-27 20:54:22'),
('64','4','105','Natus quia deserunt consequuntur quia tenetur. In eum aut enim sed commodi deleniti vero. Et praesentium vel aut aut. Amet modi vero voluptatem eius quo asperiores.','rem','615969',NULL,'1989-02-20 17:04:35','1997-06-30 15:47:13'),
('65','5','106','Enim voluptatibus earum ut eos possimus. Est saepe totam at commodi iure quia eum. Et quae ea velit porro accusantium consequatur facilis eos.','iste','8',NULL,'2019-06-18 23:34:49','2005-07-24 16:02:42'),
('66','6','107','Distinctio earum praesentium minima quibusdam repellat. Sed possimus nobis qui tempora assumenda consequatur explicabo.','quas','411350471',NULL,'1986-02-16 18:55:38','2015-09-14 15:08:56'),
('67','7','108','Molestiae eveniet enim voluptatem consectetur. Rem modi enim provident consequatur porro et aut. Aut similique qui dolorum laudantium. Molestiae eligendi veritatis sit.','magnam','531224',NULL,'1981-05-03 09:31:51','1997-05-11 08:38:56'),
('68','8','109','Et magnam ipsam voluptate velit. Quibusdam recusandae exercitationem libero vitae tenetur.','similique','753',NULL,'2007-04-14 17:07:11','2004-11-21 19:51:01'),
('69','9','112','Quisquam qui vero est. Magni natus reiciendis veniam culpa quos sint. Aliquid et doloribus ut qui.','numquam','99',NULL,'1986-04-05 22:17:02','2009-04-22 07:31:45'),
('70','10','113','Neque asperiores ea rerum quaerat. Nihil et quam ipsam quasi ut. Quidem quia magni natus fuga optio quibusdam dicta.','esse','9395',NULL,'1993-12-10 14:57:19','1985-07-25 05:18:01'),
('71','11','114','Aperiam saepe aut veniam qui quasi. Quas accusamus et et aspernatur corrupti. Dolor harum excepturi repellendus quia.','in','7158',NULL,'1970-10-24 22:14:48','1984-12-26 05:40:18'),
('72','12','117','Accusamus eum vel architecto autem ad qui. Consequatur cupiditate et doloribus. Atque cumque rerum modi illum excepturi. Ea quis quis sint nemo vitae quam excepturi.','doloremque','246',NULL,'2014-04-01 05:56:54','2001-09-17 14:41:58'),
('73','13','118','Eos dolorem quia sed numquam quia. Accusantium laboriosam ut itaque dolore labore fugiat. Porro perspiciatis vel labore. Dolorem culpa a id ab. Qui sequi eius aperiam.','libero','551',NULL,'1991-09-30 17:29:17','2002-11-30 03:21:38'),
('74','14','119','Quibusdam sit aliquid quam laudantium architecto quae omnis quia. Accusantium culpa aut pariatur consectetur. Recusandae similique ut tenetur distinctio necessitatibus velit laboriosam. Et consequuntur laborum ex quasi hic rerum consequatur.','voluptates','921704',NULL,'1986-08-05 05:31:24','1986-01-13 02:53:24'),
('75','15','121','Et repellat nam quo assumenda perspiciatis iure cumque nemo. Laboriosam suscipit sint quo dolor. Unde numquam sed labore maiores eos officia. Totam labore voluptas illo hic cupiditate qui.','modi','0',NULL,'1993-05-17 10:11:49','2019-07-01 17:46:36'),
('76','16','123','Occaecati maxime iure nemo doloribus et eos eos non. Nobis maxime culpa corrupti qui vel cum. Beatae reiciendis sunt quia non repudiandae provident. Sunt rerum voluptatem reprehenderit nesciunt fuga vitae. Rerum pariatur amet asperiores magnam dignissimos itaque.','eum','996803',NULL,'2005-01-17 14:17:22','1983-11-11 19:52:43'),
('77','17','124','Ea occaecati numquam error eum. Beatae perspiciatis et laboriosam sed iusto qui velit. Numquam sed quae voluptas repellendus aut. Cumque ipsam quod velit praesentium porro.','quas','0',NULL,'2013-02-08 23:45:58','1993-08-17 16:22:25'),
('78','18','125','Voluptatem veritatis minima ea aliquid. Molestias deleniti aperiam molestiae atque ducimus at. Omnis ut occaecati aut sed ea modi ipsum. Velit quasi in cum.','voluptatibus','7614160',NULL,'2013-12-21 12:26:52','1994-11-05 21:44:49'),
('79','19','126','Velit soluta repudiandae modi voluptatem possimus. Aut reiciendis dicta corrupti. Eos fuga esse sit quas. Autem laborum voluptate rem molestiae tempore ut autem laborum.','veritatis','597631839',NULL,'1992-07-26 11:13:11','1997-11-20 23:35:05'),
('80','20','127','Architecto eius ut reiciendis perspiciatis voluptatem. Commodi ipsum esse repudiandae commodi exercitationem et culpa. Sit autem reiciendis ut rerum minus architecto aut. Expedita occaecati autem repellendus perspiciatis.','voluptatem','17',NULL,'1979-01-14 14:59:53','2004-01-24 04:21:00'),
('81','1','133','Nihil aliquid omnis molestiae mollitia recusandae autem facilis tenetur. Voluptatem nam cumque ipsa ad ut molestiae ipsa. Incidunt ullam optio quia est dolorem sit.','doloremque','24209134',NULL,'2003-01-01 10:41:22','1993-07-24 01:01:31'),
('82','2','136','Et laborum quidem architecto officia et sit non. Qui ut voluptas laborum molestiae occaecati dolorum. Et quasi accusamus eos voluptatum dolores. Et minus consequatur inventore natus suscipit.','dolore','4210984',NULL,'1981-08-16 10:51:51','1990-10-21 01:55:35'),
('83','3','138','Neque repudiandae consequatur inventore occaecati impedit. Quaerat quia libero et non odit. Quasi sunt perspiciatis quam fuga fugit quo vitae.','aut','53',NULL,'1992-03-24 23:23:09','2003-09-04 20:37:55'),
('84','4','140','Quia id hic esse aut. Et dolorem commodi mollitia et unde perspiciatis nesciunt. Rerum nobis voluptas minus sunt et sequi et labore. Et officiis modi minus voluptatibus eos nam tenetur.','cupiditate','324404',NULL,'1975-01-15 14:40:33','2000-02-01 07:48:51'),
('85','5','142','Vel porro exercitationem ducimus sed. Perspiciatis cumque recusandae ut. Nostrum labore placeat qui at natus reprehenderit adipisci animi. Facilis recusandae quibusdam deleniti eaque qui possimus illo.','aspernatur','312',NULL,'1983-05-02 16:38:53','2002-02-24 22:47:36'),
('86','6','143','Delectus suscipit architecto corporis velit non autem. In qui odit reprehenderit rem rerum natus. Est id occaecati expedita tempora ullam soluta. In praesentium expedita illo neque magni.','suscipit','588825',NULL,'2001-08-07 21:04:37','2012-06-09 02:41:35'),
('87','7','144','Quidem quis velit sequi minima rerum voluptates necessitatibus. Eos accusamus doloribus ducimus qui.','saepe','913456285',NULL,'2016-12-11 14:40:38','1977-11-08 07:10:41'),
('88','8','147','Ad reprehenderit est assumenda aut. Et et nihil ullam inventore pariatur. Dicta quo voluptatem qui. Harum officiis necessitatibus aspernatur eum. Vero fuga suscipit sit est ab hic rerum qui.','reprehenderit','0',NULL,'1983-04-08 16:09:46','2016-03-17 06:31:02'),
('89','9','148','Omnis in repudiandae quis facilis quia. Temporibus natus inventore repudiandae in delectus. Sunt doloremque reiciendis autem.','expedita','1744',NULL,'2004-02-27 21:43:54','2011-03-11 21:21:39'),
('90','10','149','Aut porro velit qui et voluptas. Rerum non officiis cum. Et qui dolorem atque quam a ut laboriosam.','iusto','78207',NULL,'2004-08-27 16:26:35','2020-01-06 06:19:35'),
('91','11','150','Necessitatibus ab odit nisi veniam impedit voluptatem nihil. Id atque quod asperiores. Dolorem odit accusamus autem et.','consequuntur','2245',NULL,'2014-09-12 01:38:20','2005-12-23 17:07:54'),
('92','12','151','Vel dignissimos aut ipsa. Iure qui a eos excepturi. Quos occaecati inventore magni. Aut voluptatum facere et quia unde eveniet quasi.','fugiat','22313744',NULL,'1994-11-25 10:23:10','1987-01-09 21:32:55'),
('93','13','155','Aspernatur unde autem consectetur recusandae. Eligendi est unde possimus repellat. Velit rerum culpa vitae amet facilis delectus officia. Fugiat earum pariatur repellendus et sequi est laudantium.','accusantium','7',NULL,'1996-03-29 05:01:18','2011-11-12 20:44:25'),
('94','14','156','Eum non rerum ut atque aut. Autem laboriosam ut dolores possimus cupiditate. Exercitationem eaque esse est et perferendis rerum dolorum. Architecto ipsam sunt et accusantium nostrum ex est.','nulla','91075640',NULL,'1971-12-29 13:08:29','2004-10-21 02:54:24'),
('95','15','157','Nulla atque aut aliquid molestias adipisci rerum minus consequuntur. Inventore unde odio velit et quos aliquid. Enim similique quod distinctio quia ad. Cupiditate sed blanditiis sint in numquam temporibus libero. Amet repellat in laudantium voluptatibus commodi.','molestiae','8631',NULL,'2019-06-19 05:24:57','1994-01-08 20:56:38'),
('96','16','160','Delectus consequatur dignissimos numquam debitis. Temporibus aspernatur autem aut. Et ut neque enim quae quia. Qui ut voluptatem omnis et dolorem.','sint','965',NULL,'2019-10-09 12:19:52','2008-07-15 11:34:36'),
('97','17','161','Sit dolorem exercitationem qui occaecati. Et laboriosam facere qui. Earum accusamus enim qui et sed ut.','sunt','14257275',NULL,'1981-12-07 07:50:36','2017-05-24 11:56:08'),
('98','18','162','Voluptas omnis ab voluptatem sit est omnis. Maiores porro blanditiis eos omnis dolor. Omnis vero voluptatem quibusdam natus sint quia qui commodi.','ipsam','7',NULL,'2017-05-19 19:26:22','1984-04-24 04:58:31'),
('99','19','163','Fuga vero id quis repellendus. Rerum facilis nisi voluptas explicabo debitis. Temporibus aliquid quaerat quia totam eos. In officia possimus asperiores.','quis','2586',NULL,'1979-06-10 11:33:02','1990-08-15 12:38:08'),
('100','20','164','Omnis voluptatem natus cumque. Magnam ipsa rem hic ea amet quia. Minus officiis reiciendis pariatur accusamus.','perferendis','485',NULL,'2005-04-20 04:05:56','1981-07-04 22:26:26');


DROP TABLE IF EXISTS `media_types`;
CREATE TABLE `media_types` (
  `id` bigint(20) unsigned NOT NULL AUTO_INCREMENT,
  `name` varchar(100) COLLATE utf8_unicode_ci DEFAULT NULL,
  PRIMARY KEY (`id`)
) ENGINE=InnoDB AUTO_INCREMENT=21 DEFAULT CHARSET=utf8 COLLATE=utf8_unicode_ci;

INSERT INTO `media_types` VALUES ('1','fuga'),
('2','quidem'),
('3','rem'),
('4','sint'),
('5','nam'),
('6','consectetur'),
('7','ut'),
('8','quis'),
('9','non'),
('10','et'),
('11','dolores'),
('12','quia'),
('13','qui'),
('14','odit'),
('15','et'),
('16','amet'),
('17','nisi'),
('18','velit'),
('19','perspiciatis'),
('20','mollitia');


DROP TABLE IF EXISTS `messages`;
CREATE TABLE `messages` (
  `id` bigint(20) unsigned NOT NULL AUTO_INCREMENT,
  `body` text COLLATE utf8_unicode_ci DEFAULT NULL,
  `create_at` datetime DEFAULT current_timestamp(),
  `from_user_id` bigint(20) unsigned NOT NULL,
  `to_user_id` bigint(20) unsigned NOT NULL,
  PRIMARY KEY (`id`),
  KEY `from_user_id` (`from_user_id`),
  KEY `to_user_id` (`to_user_id`),
  CONSTRAINT `messages_ibfk_1` FOREIGN KEY (`from_user_id`) REFERENCES `users` (`id`)
) ENGINE=InnoDB AUTO_INCREMENT=101 DEFAULT CHARSET=utf8 COLLATE=utf8_unicode_ci;

INSERT INTO `messages` VALUES ('1','Voluptatem in nostrum ab voluptatem molestiae ex magni. Culpa numquam rem velit occaecati enim ducimus.','2012-05-21 13:41:30','101','101'),
('2','Aut ad voluptatem autem. At repellat molestiae expedita tempora ab maxime. Voluptas dolorem et rem rerum. Hic optio quia sit doloribus odit id odio.','2012-08-31 07:32:26','103','103'),
('3','Nihil ipsa nemo fugiat. Voluptatem amet amet quia nulla impedit. Sapiente velit dolorum quidem pariatur vero soluta suscipit inventore. Laboriosam dignissimos laboriosam sit sint eligendi vel possimus exercitationem. Quos repellat ab sunt sunt a.','2000-10-07 17:08:22','105','105'),
('4','Aut porro tenetur omnis enim et eligendi in ipsam. Quis nihil excepturi tenetur. Incidunt fugiat deleniti harum omnis omnis.','2017-05-14 16:59:49','106','106'),
('5','Laboriosam error possimus quisquam optio. Occaecati similique et repellendus vero velit quo. Nemo voluptates tenetur laboriosam sit.','1994-07-16 04:42:08','107','107'),
('6','Suscipit et soluta voluptas eaque omnis dolores. Porro dolore facilis aut. Esse deserunt qui adipisci ipsum. Aut sit sint consectetur sit sed illum soluta nobis. Quam laboriosam doloremque nesciunt exercitationem fugiat ea.','1977-10-28 11:35:47','108','108'),
('7','Nihil repellat voluptate laborum tempora eaque. Officiis facilis dolorem est quod voluptatem aliquam consequatur. Dolores perspiciatis perferendis nihil beatae dolor ex velit.','2003-06-15 07:47:42','109','109'),
('8','Repudiandae cupiditate quod atque quia dolorem. Laudantium adipisci omnis consequatur rerum qui. Iure tempora consequatur autem quod ea autem dignissimos. Praesentium ut cum est.','1997-12-10 20:26:45','112','112'),
('9','Aspernatur sunt quibusdam est voluptatibus quia. Soluta hic iure ducimus ex voluptate ipsa. Voluptatibus commodi necessitatibus doloremque consectetur nesciunt qui rerum est. Ex nisi totam minus accusantium aut qui itaque.','2013-09-18 07:51:30','113','113'),
('10','Eos perspiciatis quasi nostrum officiis quasi et voluptatem. Asperiores perferendis beatae aut accusantium eligendi facilis. Eum amet quod eos provident ratione ut. Eveniet temporibus accusamus aut molestiae. Expedita corporis labore blanditiis.','1986-11-07 20:48:00','114','114'),
('11','Minima cum sed minus sint et cumque. Dicta quis omnis quo voluptates distinctio. Vel error ipsa quia sint non quaerat. Vel et sit qui possimus perspiciatis.','1982-09-12 07:12:08','117','117'),
('12','Ullam cum adipisci est accusantium veniam consequatur fuga fuga. Inventore nesciunt ut et distinctio consequatur doloribus. Dolor ipsa facere placeat animi maxime tempora ipsam.','2014-03-20 07:18:17','118','118'),
('13','Consequatur quo nisi corporis aspernatur fuga. Fugiat atque libero illo. Odit dolore earum optio placeat odio dicta aut.','1984-01-25 20:09:55','119','119'),
('14','Quaerat sint quo molestiae dicta ex adipisci illo. Ut quis a et voluptatem. Ipsam nihil nobis cum omnis suscipit eius magnam sint.','1977-08-15 11:48:39','121','121'),
('15','Necessitatibus omnis occaecati est consequatur sit blanditiis quia. Fuga rerum excepturi qui ipsum illo ipsum voluptas. Autem commodi magni et velit iste iusto est. Non eius ut atque iste saepe earum autem.','1993-02-15 04:36:44','123','123'),
('16','Natus similique voluptatum ut aliquid aut hic sed id. Consequatur dolor in quia tempora eos consequatur. Omnis culpa tempore veritatis minima repudiandae explicabo quia. Voluptate et numquam quibusdam id voluptates sequi nam.','1992-06-28 11:01:31','124','124'),
('17','Nam neque eveniet debitis quidem. Ut dignissimos et sit sit excepturi voluptate. Consequatur est voluptatem ipsum blanditiis. Et natus quaerat repellat quae est magni aut.','1988-06-13 19:24:22','125','125'),
('18','Illum tempora dolor dolorem et fuga. Eaque dolorem id laborum qui magni nulla. Aut qui a vero sit.','2009-08-29 13:12:05','126','126'),
('19','Molestiae qui suscipit sunt ad fuga. Provident quos sed excepturi nemo rerum. Molestiae vero enim tenetur quia dolorem.','1971-01-20 13:31:00','127','127'),
('20','Soluta nobis nobis laborum minus rerum voluptatem dolor eum. Omnis mollitia exercitationem dolores et.','1997-12-11 18:35:21','133','133'),
('21','Culpa omnis rerum error aliquid est perspiciatis quia. Alias vitae sint debitis. Vitae et qui eveniet inventore quo sit.','1976-02-20 00:24:40','136','136'),
('22','Odio unde et accusantium est aliquam distinctio. Est autem asperiores eligendi quos explicabo et. Qui ea deserunt qui harum laudantium.','1994-07-25 01:07:25','138','138'),
('23','Omnis assumenda minus reprehenderit voluptate iste autem. Repellendus quasi dignissimos velit ad iste earum consequatur. Aut nisi odio asperiores eum soluta odio.','2014-07-05 12:30:16','140','140'),
('24','Sit rerum molestiae id atque. Voluptatem alias quia et eveniet qui assumenda soluta. Repellat ducimus omnis ullam excepturi. Nihil qui accusamus autem.','1980-01-09 14:26:43','142','142'),
('25','Quo libero ab ut accusantium doloremque nobis libero. Assumenda omnis et tenetur ut. Aliquid qui neque sed officiis. Labore omnis est error tenetur. Voluptatibus tempore necessitatibus unde inventore.','2011-11-08 01:19:24','143','143'),
('26','Sit nihil quis cupiditate earum enim. Id et animi sit deserunt. Reiciendis magni illum sit quod harum sunt adipisci. Optio sit maxime cum ut temporibus illum.','1984-03-09 11:37:03','144','144'),
('27','Facere optio magnam cupiditate repudiandae. Error sequi aut ut. Nemo rerum omnis asperiores ut excepturi voluptatem sit. Qui ex et quisquam distinctio quia esse adipisci.','2005-01-31 00:58:11','147','147'),
('28','Aliquid temporibus veritatis iste ab reprehenderit quam quod. Eos est doloribus nemo consequatur. Voluptas et voluptatum aut officiis ipsam vel.','2001-01-20 13:12:37','148','148'),
('29','Fugit enim ducimus aut voluptatem. Eum est quis eum id est. Natus voluptatum laborum aut sed magni numquam et. Sed quidem qui veniam assumenda cumque cumque possimus.','2006-01-23 18:44:52','149','149'),
('30','Autem ipsa perferendis omnis pariatur rem quasi deleniti. Sed velit recusandae error natus minus consequatur. Qui voluptatem nostrum voluptates qui quia.','2004-02-22 19:59:51','150','150'),
('31','Delectus omnis est ratione sit. Omnis quis ut repudiandae tempore exercitationem officiis ipsum suscipit. Voluptas molestiae sint numquam dicta laudantium aliquid tempora.','1991-12-03 08:02:51','151','151'),
('32','Temporibus quisquam corrupti soluta. Consequuntur minus nisi inventore repellat facilis commodi fugit. Est occaecati debitis maiores sit necessitatibus autem.','2018-12-31 16:36:08','155','155'),
('33','Voluptatem unde temporibus quibusdam qui distinctio quam. Molestiae ipsa consequatur et deleniti. Earum optio autem pariatur sunt sed eaque eum. Eos repellat autem sit dicta. Eum tempore rerum tempore vitae cumque aut.','1979-06-27 10:16:47','156','156'),
('34','Et quis quia et odio dolorum vel iusto. Impedit quia rerum occaecati aut voluptas nam sed. Corporis soluta molestiae libero fugit voluptatum id exercitationem et. Et et quae neque maxime.','1992-08-17 21:51:46','157','157'),
('35','A dolorem tempora qui vel. Officia et expedita optio nihil voluptatem dolorem. Consequatur ipsa nulla iste consectetur aut consequatur quasi. Ut nobis ullam cum culpa eaque magnam esse dolorem.','2013-01-19 20:23:30','160','160'),
('36','Dignissimos cumque ut minus impedit sunt. Quis amet temporibus sunt nesciunt. Laboriosam modi voluptatem nulla a. Rem repellendus possimus blanditiis totam ipsam.','1970-09-10 08:08:20','161','161'),
('37','Incidunt quo adipisci consequatur quidem blanditiis minima. Aliquid corporis nesciunt quaerat dolorem. Cupiditate rerum cupiditate pariatur quia. Omnis et consequatur vel voluptatem quo sed et et.','2004-03-25 00:35:31','162','162'),
('38','Distinctio eveniet eius nihil dolorem neque adipisci aut. Voluptas vero quibusdam quas quos minus. Est fugit quo quisquam ut omnis.','1974-08-17 00:19:30','163','163'),
('39','Molestias modi blanditiis dignissimos voluptas. Nostrum totam molestias eos earum aspernatur facere. Eum ipsam consequuntur modi. Et sunt iure in excepturi itaque repellat eum.','1986-02-08 10:51:50','164','164'),
('40','Aperiam ad et labore recusandae rerum perferendis. Assumenda fugit aut quasi. Ab reiciendis iure itaque et sit debitis. Omnis consequatur eveniet ipsum repellendus sed.','1986-03-01 16:42:31','165','165'),
('41','Et quidem ut quia ullam illum natus voluptatem. Voluptatum earum sed ipsa animi et quia. Est sit voluptas eum incidunt velit neque. Eos vero et et aliquam sit facere.','2007-07-31 13:18:00','166','166'),
('42','In ut harum veniam nesciunt tempora in eveniet. Error alias nesciunt consequatur nihil sit aut aut. Quidem assumenda ut eligendi voluptatum quidem voluptas enim. Qui optio fugiat dignissimos veniam ea nam.','1983-11-03 14:47:33','167','167'),
('43','Quia repellendus maxime aperiam facilis magni. Dicta voluptas ducimus aliquam dolor. Eos quae sunt et nobis in. Aut doloremque ducimus adipisci perspiciatis.','2004-09-12 14:08:16','173','173'),
('44','Rerum commodi enim eum repellat autem rerum ratione quisquam. Possimus rerum earum unde eum quo sit. Sit architecto praesentium quia expedita. Est aut cum qui nostrum consequatur blanditiis eos.','1974-03-23 02:00:40','174','174'),
('45','Rerum rerum consequatur omnis quo. Praesentium consequatur sed fugit est.','1987-05-17 10:34:26','177','177'),
('46','Vitae non nisi corrupti quae qui commodi accusantium. Magnam dolor suscipit reprehenderit minima sit quibusdam recusandae. Sint laborum et et sapiente. A eum porro quia molestiae.','1997-04-10 04:25:22','179','179'),
('47','Modi consequatur occaecati nesciunt qui. Et vel illo a aspernatur commodi velit quam. Voluptatum praesentium qui quae culpa omnis qui iusto. Necessitatibus aut delectus consequatur incidunt.','1970-08-15 03:46:12','181','181'),
('48','Dolor sit recusandae enim quis modi. Aut quos ullam dolorem ut et quo.','1980-10-13 13:06:21','182','182'),
('49','Est dolor est libero omnis. Cum recusandae eum sint modi dolor aliquid repudiandae et. Et voluptas ratione exercitationem quia. Qui enim sint asperiores labore.','1972-03-07 01:31:51','183','183'),
('50','Dolores adipisci minus saepe et tenetur. Quo ut autem odio vitae nemo. Ut ullam nisi nihil porro. Beatae est quia sed qui.','1993-06-08 11:37:13','185','185'),
('51','Sequi omnis et modi ut. Necessitatibus rerum ipsam repudiandae quia quam repudiandae. Voluptatem quos eos aliquam dignissimos placeat vero soluta. Sed ipsa laborum accusantium minima.','1976-09-29 07:58:12','186','186'),
('52','Mollitia libero incidunt et sequi. Impedit ut culpa odio nostrum. Adipisci autem est animi maiores.','2015-06-02 09:47:04','187','187'),
('53','Ea corrupti et omnis atque sed cupiditate velit. Ut aut nam deserunt. Hic nulla saepe impedit sapiente est rem officia. Qui blanditiis fugiat ut rem.','1988-11-16 12:31:57','188','188'),
('54','Consequatur ad molestiae consequatur iste assumenda ab. Quia modi culpa nesciunt recusandae. Odio voluptas aut eum eaque ut nihil accusantium voluptatem.','1994-03-22 06:23:35','189','189'),
('55','Similique cum ut non modi omnis rerum et. Ab enim quidem quia in ea minus alias. Omnis earum dolorum enim incidunt dicta. Qui omnis nostrum voluptatem excepturi.','2001-05-06 17:54:39','191','191'),
('56','Sed esse occaecati in. Ea sit recusandae quae molestiae quasi sit. Ut sunt est tempore dolore eum doloribus.','2014-12-23 19:38:20','194','194'),
('57','Eum minus voluptatem est facere reiciendis vel est. Voluptatem et nobis quia fugit aut ut quis sed. Cupiditate aut necessitatibus omnis aspernatur similique.','1971-11-29 00:24:36','195','195'),
('58','Ea voluptatem et qui aut eligendi doloremque et. Recusandae eum sunt similique eum corporis repellendus sed. Saepe libero rerum consectetur libero.','2011-05-05 20:33:14','196','196'),
('59','Qui enim et sunt voluptate ipsa. Beatae aut sequi debitis qui numquam facilis. Eum esse hic deserunt recusandae. Itaque assumenda nulla a reiciendis facilis. Beatae ut fuga provident maxime numquam voluptatem est.','2001-02-21 20:38:25','197','197'),
('60','Dolorum dolor et non fugit fugiat esse aspernatur. Magnam aut quis quae enim neque consequatur eaque. Qui vero sit quia sint. Ea in architecto voluptatem ea mollitia.','1983-04-12 03:26:19','198','198'),
('61','Veniam qui aut aliquid dolorem. Quos magni iure et et. Laborum impedit accusamus dolorem ea sunt nesciunt odio.','1996-11-19 11:45:54','199','199'),
('62','Voluptas vitae nulla nemo error dolores. Id impedit sint omnis at. Animi quas aut qui doloremque non similique et dicta.','2007-09-02 14:43:26','101','101'),
('63','Totam sit assumenda reprehenderit. Cum voluptate voluptas qui impedit consequatur. Vitae incidunt voluptate sunt. Tenetur dolorem voluptatum quia ipsa et cum.','2018-12-10 08:51:06','103','103'),
('64','Vero impedit voluptate neque molestiae non animi. Architecto ut autem autem eius harum natus voluptatem. Deserunt veniam veritatis architecto suscipit. Perspiciatis dolorem quam sit ad.','2008-11-03 13:45:02','105','105'),
('65','Qui beatae nesciunt maxime magnam magnam vero et quo. Sequi voluptas quos et ratione quas. Aliquam vero eaque amet eligendi error ut incidunt earum.','2000-04-19 21:53:30','106','106'),
('66','Nesciunt sapiente error ut sequi cupiditate soluta possimus. Sint sunt et voluptas est minus. Ea adipisci qui dolore omnis magnam.','1997-07-08 19:01:17','107','107'),
('67','Nemo laudantium nesciunt et quod impedit aliquam est. Quis consectetur aut non quia ab impedit quidem. Sint similique sed molestiae dolor facere corporis modi ipsam.','1994-07-24 07:26:10','108','108'),
('68','Blanditiis nobis ratione quo veniam rerum ea. Temporibus neque et dolor exercitationem repellat. Sint eligendi ut eveniet nobis recusandae quia laboriosam.','1996-09-08 22:28:25','109','109'),
('69','Dolores nostrum quia ratione eligendi fuga. Ut suscipit quia quas temporibus est. Numquam ut eum accusantium omnis et voluptatibus nihil magnam. Consequatur autem quisquam ipsum rerum.','1974-01-11 00:13:42','112','112'),
('70','Provident voluptate rerum est sapiente velit amet. Est dolores rerum ut cumque. Eveniet mollitia et magnam eius. Deserunt dolorem non cupiditate dolor. Voluptatibus aut est labore blanditiis.','2008-01-21 20:21:51','113','113'),
('71','Mollitia laborum velit excepturi deleniti. Ipsam adipisci dolores quisquam consequatur. Quo perferendis quas sit ut minima sunt quo ut. Et omnis aut in ratione est.','2006-07-17 10:56:14','114','114'),
('72','Sunt ut eaque ut ab placeat. Blanditiis quia iste non non. Quis quasi quo quasi et id.','1973-11-09 23:22:32','117','117'),
('73','Optio aut quo fugit ipsum. Id eius tempora laborum eveniet. Voluptatem illo sunt veritatis adipisci.','2018-03-22 01:23:56','118','118'),
('74','Iusto ut est qui saepe non aut quasi et. Eos vel quidem non ut explicabo minima. Eveniet ipsam numquam vitae possimus. Perferendis quos maiores consequatur autem esse ipsum culpa.','1994-02-10 01:55:13','119','119'),
('75','Libero saepe maxime enim voluptas quaerat quia vero. Minima nihil voluptas molestiae iure officiis. Voluptatem non soluta nisi adipisci. Aut adipisci ad et excepturi. Cupiditate ea magnam harum aut est et.','1995-03-15 08:22:54','121','121'),
('76','Dolor accusantium ducimus sapiente dicta molestias sed amet eum. Odio aut consequatur dolores minima officia consequuntur. Qui ut illo reiciendis autem. Omnis deserunt eos reiciendis suscipit.','2017-04-23 04:49:43','123','123'),
('77','Necessitatibus cum aliquid id consequuntur adipisci et distinctio. Dignissimos numquam eligendi accusamus voluptatem debitis consequatur maiores. Tempora eveniet omnis nam inventore eos quibusdam sit.','1972-01-16 03:49:03','124','124'),
('78','Enim consequuntur non ex vitae. Modi at eaque a sit nihil doloribus vero. Odit sed iure repellendus fuga. Aspernatur hic iusto repellendus.','2008-12-08 19:09:55','125','125'),
('79','Et vero et iusto dignissimos quas voluptatibus est aut. Quasi temporibus nam ut voluptatum aut aspernatur. Dolore magni omnis adipisci porro.','1991-10-17 14:28:54','126','126'),
('80','Assumenda et nobis molestiae architecto. Magni omnis corrupti est corrupti sunt. Voluptatem quasi porro exercitationem consequuntur sint mollitia exercitationem. Quis est natus ullam repellat.','1972-03-27 16:21:32','127','127'),
('81','Aut excepturi at expedita qui. Est rem quia quibusdam et. Unde voluptatibus est et unde. Animi rerum minima in consectetur quis sed molestias.','1993-04-14 14:59:27','133','133'),
('82','Ratione minima qui vero officia omnis in quia. Ullam repudiandae accusamus consequuntur assumenda non ducimus dolorem. Non reprehenderit sapiente voluptatem et quibusdam.','1997-07-27 07:43:42','136','136'),
('83','Vero unde non velit sapiente ea et at. Vel et cumque iure ut dolor.','1984-06-26 00:48:04','138','138'),
('84','Facilis molestiae rerum dolor qui optio minima pariatur. Ex eum ipsam et et provident est. Dolore aspernatur corrupti consequatur aliquam expedita reprehenderit mollitia ut. Sapiente dolorem architecto delectus atque totam id autem.','1972-05-07 00:28:38','140','140'),
('85','Assumenda perferendis dolorem in dolorem iste ut. Aut quos sequi aut explicabo quis ut.','1983-11-07 11:44:01','142','142'),
('86','Nostrum et inventore tenetur temporibus esse velit rem iusto. Saepe voluptas sit iusto harum voluptates qui quaerat. Eius autem ea aliquam. Ut accusamus enim eum.','2013-01-26 00:58:43','143','143'),
('87','Itaque velit quo ut dolorem dolores. Amet rerum debitis et. Voluptatem temporibus accusamus possimus quis dolorem. Ea alias quia et molestias quas voluptas.','1988-11-03 04:24:56','144','144'),
('88','Eligendi dolores eum ut cumque eveniet. Vitae quaerat tenetur et commodi consequatur suscipit non. Sed perspiciatis qui alias velit dolor. Porro enim itaque molestias consequuntur. Aut voluptate ea illum incidunt harum pariatur expedita quis.','2015-03-27 14:42:14','147','147'),
('89','Sit veritatis et blanditiis sit molestiae ea. Optio nobis ut atque quibusdam est. Aut sed illo molestiae numquam incidunt consequatur ab. Voluptatem facilis quo doloribus debitis aut rem. Et et necessitatibus enim omnis nulla est.','2000-11-26 13:06:31','148','148'),
('90','Autem qui et esse hic alias. Quia blanditiis ea sunt nemo maiores incidunt. Neque iure velit ab. Harum tempora quaerat illum qui deleniti aut.','2015-10-03 02:51:02','149','149'),
('91','Doloremque autem dolorem ipsa qui necessitatibus nihil officiis. Libero excepturi cumque sint. Eveniet eum molestias quidem est.','1973-08-20 02:48:18','150','150'),
('92','Sed doloribus excepturi earum ea ducimus suscipit. Explicabo qui sed harum cumque eveniet voluptas repudiandae. Possimus velit doloremque minima assumenda. Soluta in cupiditate quis ea qui quia.','2004-03-07 01:12:26','151','151'),
('93','Id sit non quo. Tenetur aut et cumque qui. Quia et qui doloribus quasi nihil. Suscipit commodi quis eligendi tenetur harum nihil.','1981-12-10 21:30:01','155','155'),
('94','Sunt perspiciatis nulla cum quia sunt qui ipsum. Est corporis et aut voluptates rerum dicta quos. Rerum voluptas qui id quidem qui.','1971-03-23 16:29:58','156','156'),
('95','Aut consequuntur iusto expedita velit architecto unde nam quis. Placeat temporibus officia suscipit ad sed. Est earum illum repudiandae tempora ut et soluta. Aperiam enim et et doloribus.','1983-11-02 12:29:46','157','157'),
('96','Sunt debitis laborum corporis sit consequuntur aut. Beatae harum aut non harum tempora. Animi voluptas quod ut impedit ut.','1998-08-30 22:03:38','160','160'),
('97','Culpa delectus aut esse. Ad molestiae ipsam eveniet sit et officia corrupti. Voluptates nisi porro dolore deleniti quia aperiam.','2013-09-04 18:45:31','161','161'),
('98','Saepe dolores tempore sed quos consequatur labore dolorem nihil. Aut reprehenderit repudiandae illum cupiditate officiis ullam. Tenetur culpa ipsa animi.','2000-07-24 22:27:15','162','162'),
('99','Ut aliquam consequuntur sit quo eveniet assumenda reprehenderit. Repellat eum explicabo ducimus impedit pariatur aut sed numquam. Doloribus officiis quas blanditiis placeat reiciendis.','1978-10-30 10:57:45','163','163'),
('100','Fugiat tenetur dolor est. Architecto et libero est optio odit. Nulla et explicabo nostrum harum dolorem id sunt. Explicabo tempore cum ducimus aut ea natus facere. Minima alias ab et aut deserunt.','2015-07-09 13:27:48','164','164');


DROP TABLE IF EXISTS `news`;
CREATE TABLE `news` (
  `id` bigint(20) unsigned NOT NULL AUTO_INCREMENT,
  `created_at` datetime DEFAULT current_timestamp(),
  `author` bigint(20) unsigned NOT NULL,
  PRIMARY KEY (`id`),
  KEY `author` (`author`),
  CONSTRAINT `news_ibfk_1` FOREIGN KEY (`author`) REFERENCES `users` (`id`)
) ENGINE=InnoDB AUTO_INCREMENT=101 DEFAULT CHARSET=utf8 COLLATE=utf8_unicode_ci;

INSERT INTO `news` VALUES ('1','2017-10-27 11:50:36','101'),
('2','1976-09-21 22:57:45','103'),
('3','1980-09-10 08:20:02','105'),
('4','1981-01-21 14:26:41','106'),
('5','1987-11-26 14:23:29','107'),
('6','1983-02-09 12:37:49','108'),
('7','2010-05-14 01:39:14','109'),
('8','2001-03-24 00:09:52','112'),
('9','1997-03-07 13:57:03','113'),
('10','1994-11-29 17:05:29','114'),
('11','1999-07-03 21:04:04','117'),
('12','2017-12-22 04:56:08','118'),
('13','2002-01-24 12:47:40','119'),
('14','1970-04-17 11:52:58','121'),
('15','1977-02-12 06:25:11','123'),
('16','1972-04-21 07:32:27','124'),
('17','2000-11-05 23:05:59','125'),
('18','1979-10-13 17:02:27','126'),
('19','2015-05-23 09:30:40','127'),
('20','2011-08-23 03:53:28','133'),
('21','1971-10-12 03:45:49','136'),
('22','1996-02-14 18:51:10','138'),
('23','1985-12-02 10:37:02','140'),
('24','2016-06-03 00:42:40','142'),
('25','1984-07-03 03:28:09','143'),
('26','2013-01-10 08:33:40','144'),
('27','1986-01-22 12:42:00','147'),
('28','1980-10-04 16:08:31','148'),
('29','1993-07-29 08:03:41','149'),
('30','1971-01-12 12:40:28','150'),
('31','2005-05-17 19:19:49','151'),
('32','1975-10-13 17:36:01','155'),
('33','1997-01-02 02:54:12','156'),
('34','1996-12-11 15:39:19','157'),
('35','2005-04-13 09:06:09','160'),
('36','2014-08-12 02:25:58','161'),
('37','1995-09-17 23:33:03','162'),
('38','1980-02-01 09:49:45','163'),
('39','1991-08-25 03:42:41','164'),
('40','1984-06-16 22:20:32','165'),
('41','1979-08-11 10:01:26','166'),
('42','2007-09-04 22:13:07','167'),
('43','2017-01-01 05:45:44','173'),
('44','1971-02-19 18:35:33','174'),
('45','1970-01-15 20:38:02','177'),
('46','2001-12-27 10:57:01','179'),
('47','1984-09-15 21:07:56','181'),
('48','2008-01-28 10:21:16','182'),
('49','1999-07-31 19:17:29','183'),
('50','2006-02-24 18:29:04','185'),
('51','2007-11-07 22:31:24','186'),
('52','1971-01-31 20:56:11','187'),
('53','1972-01-20 05:45:14','188'),
('54','1992-12-15 16:44:40','189'),
('55','2008-03-01 05:59:03','191'),
('56','2005-12-31 14:52:50','194'),
('57','2008-11-19 18:27:50','195'),
('58','1976-05-10 05:39:15','196'),
('59','1973-11-12 17:23:56','197'),
('60','1975-03-22 11:29:28','198'),
('61','2011-06-21 04:08:48','199'),
('62','2004-10-28 12:48:39','101'),
('63','1992-07-12 15:45:22','103'),
('64','1988-12-22 11:30:21','105'),
('65','1980-06-28 09:19:02','106'),
('66','2011-08-02 04:50:24','107'),
('67','1988-03-21 23:34:40','108'),
('68','2020-01-30 10:54:45','109'),
('69','2014-09-10 07:20:42','112'),
('70','1991-11-22 15:53:35','113'),
('71','1994-06-01 01:54:42','114'),
('72','2008-12-06 16:49:40','117'),
('73','1975-10-08 09:30:08','118'),
('74','1972-01-22 07:08:32','119'),
('75','2011-06-30 15:41:28','121'),
('76','1982-05-16 12:44:18','123'),
('77','1989-04-22 00:31:39','124'),
('78','1985-07-20 18:13:07','125'),
('79','1987-11-03 19:05:40','126'),
('80','1989-01-26 09:10:12','127'),
('81','2011-12-26 19:27:02','133'),
('82','1979-11-10 07:31:28','136'),
('83','2008-09-06 09:20:15','138'),
('84','1970-11-20 08:17:48','140'),
('85','1981-05-09 13:09:39','142'),
('86','2006-04-15 12:42:10','143'),
('87','2006-06-01 13:28:48','144'),
('88','1997-02-04 09:58:08','147'),
('89','1980-10-25 11:37:43','148'),
('90','2003-07-05 23:41:12','149'),
('91','1984-11-03 06:27:09','150'),
('92','1991-02-16 11:07:08','151'),
('93','1991-12-16 13:10:16','155'),
('94','2007-04-06 05:01:36','156'),
('95','1985-01-18 09:08:42','157'),
('96','2013-10-13 17:00:32','160'),
('97','2005-01-29 06:33:56','161'),
('98','2010-12-06 22:16:44','162'),
('99','2011-06-03 01:33:09','163'),
('100','1980-08-07 21:04:10','164');


DROP TABLE IF EXISTS `news_feeds`;
CREATE TABLE `news_feeds` (
  `id` bigint(20) unsigned NOT NULL AUTO_INCREMENT,
  `news_id` bigint(20) unsigned NOT NULL,
  PRIMARY KEY (`id`),
  KEY `news_id` (`news_id`),
  CONSTRAINT `news_feeds_ibfk_1` FOREIGN KEY (`news_id`) REFERENCES `news` (`id`)
) ENGINE=InnoDB AUTO_INCREMENT=101 DEFAULT CHARSET=utf8 COLLATE=utf8_unicode_ci;

INSERT INTO `news_feeds` VALUES ('1','1'),
('2','2'),
('3','3'),
('4','4'),
('5','5'),
('6','6'),
('7','7'),
('8','8'),
('9','9'),
('10','10'),
('11','11'),
('12','12'),
('13','13'),
('14','14'),
('15','15'),
('16','16'),
('17','17'),
('18','18'),
('19','19'),
('20','20'),
('21','21'),
('22','22'),
('23','23'),
('24','24'),
('25','25'),
('26','26'),
('27','27'),
('28','28'),
('29','29'),
('30','30'),
('31','31'),
('32','32'),
('33','33'),
('34','34'),
('35','35'),
('36','36'),
('37','37'),
('38','38'),
('39','39'),
('40','40'),
('41','41'),
('42','42'),
('43','43'),
('44','44'),
('45','45'),
('46','46'),
('47','47'),
('48','48'),
('49','49'),
('50','50'),
('51','51'),
('52','52'),
('53','53'),
('54','54'),
('55','55'),
('56','56'),
('57','57'),
('58','58'),
('59','59'),
('60','60'),
('61','61'),
('62','62'),
('63','63'),
('64','64'),
('65','65'),
('66','66'),
('67','67'),
('68','68'),
('69','69'),
('70','70'),
('71','71'),
('72','72'),
('73','73'),
('74','74'),
('75','75'),
('76','76'),
('77','77'),
('78','78'),
('79','79'),
('80','80'),
('81','81'),
('82','82'),
('83','83'),
('84','84'),
('85','85'),
('86','86'),
('87','87'),
('88','88'),
('89','89'),
('90','90'),
('91','91'),
('92','92'),
('93','93'),
('94','94'),
('95','95'),
('96','96'),
('97','97'),
('98','98'),
('99','99'),
('100','100');


DROP TABLE IF EXISTS `photo_albums`;
CREATE TABLE `photo_albums` (
  `id` bigint(20) unsigned NOT NULL AUTO_INCREMENT,
  `name` varchar(255) COLLATE utf8_unicode_ci DEFAULT 'No_name',
  `user_id` bigint(20) unsigned NOT NULL,
  PRIMARY KEY (`id`),
  KEY `user_id` (`user_id`),
  CONSTRAINT `photo_albums_ibfk_1` FOREIGN KEY (`user_id`) REFERENCES `users` (`id`)
) ENGINE=InnoDB AUTO_INCREMENT=101 DEFAULT CHARSET=utf8 COLLATE=utf8_unicode_ci;

INSERT INTO `photo_albums` VALUES ('1','numquam','101'),
('2','sunt','103'),
('3','minima','105'),
('4','autem','106'),
('5','sunt','107'),
('6','eius','108'),
('7','nulla','109'),
('8','dolore','112'),
('9','ratione','113'),
('10','distinctio','114'),
('11','perferendis','117'),
('12','commodi','118'),
('13','voluptatibus','119'),
('14','modi','121'),
('15','accusantium','123'),
('16','minus','124'),
('17','officia','125'),
('18','porro','126'),
('19','sint','127'),
('20','quis','133'),
('21','et','136'),
('22','eaque','138'),
('23','aut','140'),
('24','eos','142'),
('25','corrupti','143'),
('26','dolor','144'),
('27','atque','147'),
('28','accusantium','148'),
('29','sit','149'),
('30','ut','150'),
('31','rem','151'),
('32','illum','155'),
('33','quam','156'),
('34','dolores','157'),
('35','a','160'),
('36','vitae','161'),
('37','maiores','162'),
('38','quia','163'),
('39','quia','164'),
('40','veniam','165'),
('41','tempore','166'),
('42','sint','167'),
('43','dolor','173'),
('44','sapiente','174'),
('45','ea','177'),
('46','et','179'),
('47','aliquid','181'),
('48','laboriosam','182'),
('49','eos','183'),
('50','omnis','185'),
('51','porro','186'),
('52','repudiandae','187'),
('53','nesciunt','188'),
('54','ut','189'),
('55','dicta','191'),
('56','aut','194'),
('57','suscipit','195'),
('58','aspernatur','196'),
('59','atque','197'),
('60','quae','198'),
('61','omnis','199'),
('62','magnam','101'),
('63','rerum','103'),
('64','officia','105'),
('65','voluptatibus','106'),
('66','necessitatibus','107'),
('67','non','108'),
('68','hic','109'),
('69','veniam','112'),
('70','qui','113'),
('71','et','114'),
('72','dolor','117'),
('73','neque','118'),
('74','atque','119'),
('75','minus','121'),
('76','quibusdam','123'),
('77','nihil','124'),
('78','molestiae','125'),
('79','est','126'),
('80','id','127'),
('81','dicta','133'),
('82','consectetur','136'),
('83','at','138'),
('84','quidem','140'),
('85','ut','142'),
('86','exercitationem','143'),
('87','dolorum','144'),
('88','sunt','147'),
('89','id','148'),
('90','totam','149'),
('91','atque','150'),
('92','nemo','151'),
('93','iste','155'),
('94','laboriosam','156'),
('95','cupiditate','157'),
('96','nemo','160'),
('97','fugiat','161'),
('98','molestiae','162'),
('99','vero','163'),
('100','in','164');


DROP TABLE IF EXISTS `photos`;
CREATE TABLE `photos` (
  `id` bigint(20) unsigned NOT NULL AUTO_INCREMENT,
  `album_id` bigint(20) unsigned DEFAULT NULL,
  `media_id` bigint(20) unsigned NOT NULL,
  PRIMARY KEY (`id`),
  KEY `album_id` (`album_id`),
  KEY `media_id` (`media_id`),
  CONSTRAINT `photos_ibfk_1` FOREIGN KEY (`album_id`) REFERENCES `photo_albums` (`id`),
  CONSTRAINT `photos_ibfk_2` FOREIGN KEY (`media_id`) REFERENCES `media` (`id`)
) ENGINE=InnoDB AUTO_INCREMENT=101 DEFAULT CHARSET=utf8 COLLATE=utf8_unicode_ci;

INSERT INTO `photos` VALUES ('1','1','1'),
('2','2','2'),
('3','3','3'),
('4','4','4'),
('5','5','5'),
('6','6','6'),
('7','7','7'),
('8','8','8'),
('9','9','9'),
('10','10','10'),
('11','11','11'),
('12','12','12'),
('13','13','13'),
('14','14','14'),
('15','15','15'),
('16','16','16'),
('17','17','17'),
('18','18','18'),
('19','19','19'),
('20','20','20'),
('21','21','21'),
('22','22','22'),
('23','23','23'),
('24','24','24'),
('25','25','25'),
('26','26','26'),
('27','27','27'),
('28','28','28'),
('29','29','29'),
('30','30','30'),
('31','31','31'),
('32','32','32'),
('33','33','33'),
('34','34','34'),
('35','35','35'),
('36','36','36'),
('37','37','37'),
('38','38','38'),
('39','39','39'),
('40','40','40'),
('41','41','41'),
('42','42','42'),
('43','43','43'),
('44','44','44'),
('45','45','45'),
('46','46','46'),
('47','47','47'),
('48','48','48'),
('49','49','49'),
('50','50','50'),
('51','51','51'),
('52','52','52'),
('53','53','53'),
('54','54','54'),
('55','55','55'),
('56','56','56'),
('57','57','57'),
('58','58','58'),
('59','59','59'),
('60','60','60'),
('61','61','61'),
('62','62','62'),
('63','63','63'),
('64','64','64'),
('65','65','65'),
('66','66','66'),
('67','67','67'),
('68','68','68'),
('69','69','69'),
('70','70','70'),
('71','71','71'),
('72','72','72'),
('73','73','73'),
('74','74','74'),
('75','75','75'),
('76','76','76'),
('77','77','77'),
('78','78','78'),
('79','79','79'),
('80','80','80'),
('81','81','81'),
('82','82','82'),
('83','83','83'),
('84','84','84'),
('85','85','85'),
('86','86','86'),
('87','87','87'),
('88','88','88'),
('89','89','89'),
('90','90','90'),
('91','91','91'),
('92','92','92'),
('93','93','93'),
('94','94','94'),
('95','95','95'),
('96','96','96'),
('97','97','97'),
('98','98','98'),
('99','99','99'),
('100','100','100');


DROP TABLE IF EXISTS `profiles`;
CREATE TABLE `profiles` (
  `user_id` bigint(20) unsigned NOT NULL AUTO_INCREMENT,
  `gender` char(1) COLLATE utf8_unicode_ci DEFAULT NULL COMMENT ' ',
  `birthday` date DEFAULT NULL COMMENT ' ',
  `photo_id` bigint(20) unsigned DEFAULT NULL COMMENT 'ID ',
  `hometown` varchar(100) COLLATE utf8_unicode_ci DEFAULT NULL COMMENT ' ',
  `created_at` datetime DEFAULT current_timestamp() COMMENT '  ',
  PRIMARY KEY (`user_id`),
  CONSTRAINT `fk_profiles_user_id` FOREIGN KEY (`user_id`) REFERENCES `users` (`id`) ON DELETE NO ACTION ON UPDATE CASCADE
) ENGINE=InnoDB AUTO_INCREMENT=201 DEFAULT CHARSET=utf8 COLLATE=utf8_unicode_ci;

INSERT INTO `profiles` VALUES ('101','i','2016-05-02','1','South Joanne','2014-01-08 09:43:01'),
('103','t','2001-10-19','3','Troyland','1980-11-08 10:40:11'),
('105','m','1997-02-24','5','Marcelton','1970-06-30 14:31:13'),
('106','v','1978-11-06','6','South Einar','2019-11-22 15:00:00'),
('107','z','1992-07-22','7','Danshire','1986-06-01 01:13:40'),
('108','u','1973-04-30','8','Sylviaville','1992-08-25 16:02:03'),
('109','v','1984-03-17','9','Evanshire','2005-01-15 21:34:01'),
('112','t','1989-12-25','12','East Verlie','2006-01-30 11:05:58'),
('113','q','1980-11-24','13','Destanyside','1973-08-27 04:12:57'),
('114','a','1980-06-23','14','Nikitaville','1976-06-22 03:51:47'),
('117','f','2002-06-22','17','Paulineburgh','2004-10-01 23:42:12'),
('118','l','1992-11-14','18','Port Jocelyn','1994-12-07 10:33:29'),
('119','e','2017-04-29','19','West Deion','1982-12-28 01:29:05'),
('121','n','2011-02-16','21','Port Ottilie','2010-09-28 09:09:05'),
('123','v','1995-11-27','23','Shyanneberg','1981-09-29 19:21:53'),
('124','h','2017-07-09','24','Kemmerberg','1993-10-16 20:51:29'),
('125','k','1978-04-09','25','East Reinholdside','2016-04-21 12:29:48'),
('126','m','1985-12-10','26','Port Giovanni','1988-06-14 05:34:30'),
('127','g','2014-01-05','27','Edgardoborough','2012-04-28 15:53:10'),
('133','x','1989-11-03','33','Horaceberg','1973-03-27 06:31:52'),
('136','b','1991-09-28','36','West Verdie','2011-03-22 13:21:48'),
('138','y','2002-10-09','38','Luzmouth','1979-02-14 01:23:09'),
('140','k','1980-07-28','40','Lake Monica','1977-12-28 13:17:54'),
('142','r','2013-08-21','42','Port Deionview','2014-10-09 23:50:26'),
('143','v','1991-12-07','43','Casperhaven','1986-12-13 07:04:24'),
('144','y','2015-09-26','44','West Evans','1997-02-11 11:44:30'),
('147','n','2007-06-21','47','South Caesarberg','2011-01-03 11:56:16'),
('148','x','1997-02-13','48','Port Dasialand','1974-07-07 04:16:17'),
('149','m','1973-03-31','49','Mafaldafurt','2018-08-03 07:24:50'),
('150','i','1999-04-10','50','Kubmouth','1972-07-29 23:26:17'),
('151','d','1996-01-30','51','Martinview','2000-01-19 07:55:36'),
('155','s','1979-10-23','55','West Annettemouth','1972-07-13 20:15:58'),
('156','p','2001-11-08','56','Richmondfort','2002-11-01 21:54:05'),
('157','d','1993-07-19','57','Port Theodoreport','2015-12-21 17:08:32'),
('160','k','2009-11-02','60','South Coby','2019-02-24 10:41:22'),
('161','e','1999-08-18','61','West Vellafurt','2013-04-10 14:26:41'),
('162','v','2019-12-06','62','Linneaton','1983-05-25 05:40:22'),
('163','t','1999-06-19','63','Watsicaborough','2009-11-05 06:41:34'),
('164','x','1975-11-06','64','Karatown','1975-07-07 21:01:14'),
('165','u','2012-05-02','65','Lake Urbanton','2018-07-02 05:31:59'),
('166','x','2002-08-18','66','Kohlerview','1979-05-23 22:23:47'),
('167','g','1974-09-22','67','Bruenmouth','2007-06-06 12:07:28'),
('173','z','2003-04-26','73','Priceport','1999-11-25 03:06:37'),
('174','w','1972-07-06','74','West Cruz','2006-12-16 13:51:47'),
('177','u','2007-05-26','77','Hermanview','1995-01-19 06:07:18'),
('179','e','1987-02-28','79','Isaiasshire','1996-03-02 10:27:56'),
('181','l','1983-04-04','81','East Vernonbury','1984-12-24 03:02:59'),
('182','j','1991-12-26','82','Cummeratamouth','2015-07-02 17:26:16'),
('183','v','1993-03-13','83','West Terrence','1990-05-27 21:36:11'),
('185','v','1989-03-15','85','Lake Clementineburgh','1992-12-24 10:05:59'),
('186','g','2019-11-22','86','Ryleyland','1995-05-10 12:52:42'),
('187','b','1985-08-26','87','Lake Myron','1978-03-30 03:08:28'),
('188','c','1978-11-01','88','Lake Adrielberg','2001-11-26 23:30:26'),
('189','k','2014-04-29','89','Bodeside','1995-09-02 07:26:36'),
('191','j','2014-12-21','91','New Josuemouth','2009-01-12 21:56:18'),
('194','n','2002-10-10','94','East Jarodchester','1993-02-25 02:56:16'),
('195','w','1972-03-13','95','Johnsmouth','1988-12-03 06:35:00'),
('196','q','1970-06-09','96','Port Catharine','1975-11-15 06:42:13'),
('197','h','2003-12-16','97','Oberbrunnertown','2008-11-07 09:18:09'),
('198','a','2009-05-12','98','South Meagan','2011-05-17 16:57:26'),
('199','g','1996-05-24','99','Framiborough','1972-09-16 01:18:21');


DROP TABLE IF EXISTS `statuses`;
CREATE TABLE `statuses` (
  `id` bigint(20) unsigned NOT NULL AUTO_INCREMENT,
  `user_id` bigint(20) unsigned DEFAULT NULL,
  PRIMARY KEY (`id`),
  UNIQUE KEY `user_id` (`user_id`),
  CONSTRAINT `statuses_ibfk_1` FOREIGN KEY (`user_id`) REFERENCES `users` (`id`)
) ENGINE=InnoDB AUTO_INCREMENT=201 DEFAULT CHARSET=utf8 COLLATE=utf8_unicode_ci;

INSERT INTO `statuses` VALUES ('101','101'),
('102','103'),
('103','105'),
('104','106'),
('105','107'),
('106','108'),
('107','109'),
('108','112'),
('109','113'),
('110','114'),
('111','117'),
('112','118'),
('113','119'),
('114','121'),
('115','123'),
('116','124'),
('117','125'),
('118','126'),
('119','127'),
('120','133'),
('121','136'),
('122','138'),
('123','140'),
('124','142'),
('125','143'),
('126','144'),
('127','147'),
('128','148'),
('129','149'),
('130','150'),
('131','151'),
('132','155'),
('133','156'),
('134','157'),
('135','160'),
('136','161'),
('137','162'),
('138','163'),
('139','164'),
('140','165'),
('141','166'),
('142','167'),
('143','173'),
('144','174'),
('145','177'),
('146','179'),
('147','181'),
('148','182'),
('149','183'),
('150','185'),
('151','186'),
('152','187'),
('153','188'),
('154','189'),
('155','191'),
('156','194'),
('157','195'),
('158','196'),
('159','197'),
('160','198'),
('161','199');


DROP TABLE IF EXISTS `users`;
CREATE TABLE `users` (
  `id` bigint(20) unsigned NOT NULL AUTO_INCREMENT,
  `firstname` varchar(100) COLLATE utf8_unicode_ci DEFAULT NULL COMMENT '',
  `lastname` varchar(100) COLLATE utf8_unicode_ci DEFAULT NULL COMMENT '',
  `email` varchar(50) COLLATE utf8_unicode_ci NOT NULL COMMENT '  ',
  `password_hash` varchar(200) COLLATE utf8_unicode_ci NOT NULL,
  `phone` bigint(20) DEFAULT NULL,
  PRIMARY KEY (`id`),
  UNIQUE KEY `email` (`email`),
  UNIQUE KEY `phone` (`phone`),
  KEY `phone_2` (`phone`),
  KEY `users_firstname_lastname_idx` (`firstname`,`lastname`)
) ENGINE=InnoDB AUTO_INCREMENT=201 DEFAULT CHARSET=utf8 COLLATE=utf8_unicode_ci COMMENT='  ';

INSERT INTO `users` VALUES ('101','Jayda','Fahey','camryn.smith@example.net','27e7ac499a14691ee21b42e6ca8b06c48191db10','0'),
('103','Afton','Skiles','jamey.gaylord@example.org','72bea55c1f1e570b2b0fcecc5ad5e31c9aead136','346677126'),
('105','Johnathon','Waters','ritchie.jaleel@example.org','b645dfcfe0839c43039ae72b49d56a590c9b0037','476683'),
('106','Jeffry','Lynch','theresa.ritchie@example.com','b039eb3d98f82a22ecc81bf5a96e3abb481e763b','940'),
('107','Guido','Thiel','vinnie.schmeler@example.org','22184103d5aea0c07fec8d7f0dbcd58da2603148','7926772121'),
('108','Darrion','Goldner','isaiah04@example.com','f22cd399ce757d22f23e5454f42048325d93d21a','716'),
('109','Jacquelyn','Hahn','cartwright.danika@example.org','686938e49ecb3dabf7ac0d068598a858281a1f1c','259'),
('112','Virginie','Legros','nannie67@example.net','1b7df5648d08b65504c5c33811a0b12a8c7bedab','1'),
('113','Gerardo','Kemmer','adicki@example.com','eda54fa0742fb9a3d401b6322534d4a58c2763ef','238438'),
('114','Maria','Ullrich','jdaugherty@example.org','d1a95e23a7020a210a9d4c53dcfc45ae392a21dc','5352547740'),
('117','Quincy','Treutel','ubaldo.kerluke@example.net','39b57f54d555d87e563988492bc056e39712f827','64'),
('118','Ulices','Maggio','emard.orrin@example.com','f8cf738e5b3b146fff5df7f207f22be8bb3ca26e','435342'),
('119','Nat','Langosh','andreane68@example.com','bf979560b1fe61636f2c60a08dd14eaa1e6289d4','546816'),
('121','Alexanne','Fisher','beahan.helga@example.net','a44954145dae6c3097c5c6451f5c5a54dc529fd3','47'),
('123','Armando','Bayer','pollich.velda@example.net','be0d7fe6229a1fabf88406fdba1b019cdfd2e78c','386'),
('124','Jovani','Nicolas','gideon.howell@example.com','a736c82b8ae4561eb3b66efcd5646815b77365bc','197'),
('125','Berneice','Roberts','boyd.rowe@example.com','8e21ccfbc4fb7dd59543701d9ec10c63405e7bbc','599'),
('126','Amir','Boyle','everardo.runolfsdottir@example.org','c6ecd580e7d9374135efc7b829d839444db6dbfd','717662'),
('127','Chloe','Parisian','prohaska.ruby@example.org','27f7309011417d0ebfa62919e6d51fdc5cda9962','176'),
('133','Jamel','Purdy','cathrine45@example.org','c6709ef6a8796fe542b42aa4a221c9745b03d951','10'),
('136','Kavon','Hamill','kautzer.norbert@example.org','05338dc793e25fe0445aef5610f83b3c31abf62c','637001'),
('138','Mauricio','Gulgowski','amarks@example.org','dd6d0a5a9567614c4f8d1efd817093eae561510b','554759516'),
('140','Andreane','Kris','wmarquardt@example.org','a1098c025418d37c5972703773b0e16ccd41e081','7815978341'),
('142','Obie','Tillman','sipes.clement@example.com','67c1a96b58e9ade4d06976a7083b69b4b59d8429','424'),
('143','Hilario','Kuhic','bertha49@example.com','191685513512aa3c9d5ad07b4efc2abe075357fa','73'),
('144','Stephania','Kohler','grady.ova@example.org','5af1f69f1ec7d2d5c57d7f5b31446e34c899519a','65'),
('147','Orrin','Powlowski','ucole@example.org','1a6e6f511cd4291a6bf1d01c2f7e610d94468b38','3776660714'),
('148','Savion','Bechtelar','alice.kub@example.com','a4db12d343a301bc5409a0e97587d8135260fae6','891268'),
('149','Billie','Howe','hessel.damaris@example.com','d958378a44772bee798584ebd7ebe6b9e3a29793','912'),
('150','Jaiden','Waelchi','noah.fisher@example.org','564f0ee5eb330ca4251968d6c5121d3105217009','3127750822'),
('151','Teagan','VonRueden','alejandra38@example.net','93364d88932095f27e1afa6fde17e3980b36d078','19'),
('155','Riley','Mraz','kbarton@example.net','0d119b87f50003dd5ea9f44139fcdfb86c36071a','3878897164'),
('156','Rhoda','Keeling','elbert.rohan@example.org','822f882a9d4c35e548f631988872c2508c0249b9','821'),
('157','Kody','Morissette','lew74@example.com','617a3f151d8a9172195b898e6eb1bbe085202bbc','241868'),
('160','Kendall','Hermiston','iadams@example.com','ea049d52fc190d46fc3d0c023fdd8ebd7d74eac1','21'),
('161','Joel','Nader','zjones@example.com','f489360db66223db77a15b32d8a45e0de0b6ae0a','149668'),
('162','Rosamond','D\'Amore','fturcotte@example.org','e26abdbb044d8347b0950af4ca381bca90c77ae6','315435'),
('163','Leanne','Brekke','benton.block@example.net','48dc94a47609ba6ac31e44be83a4c28531701cfb','30'),
('164','Lonnie','Legros','hhalvorson@example.org','d589b21e545c79c7422a5650dd53329225f51ad8','866897'),
('165','Irving','Kautzer','coby.dach@example.org','27c2081ac7b34ca0aeef86fa6b2666409cf25ebf','248'),
('166','Giovanni','Prohaska','jkeeling@example.net','25e5f2a485262e1bbfda2c376bbbc4e2283e6ea8','955538'),
('167','Elza','Beatty','rarmstrong@example.net','9803d7815f15f94fd04459672d818a1fc3abe84c','177'),
('173','August','Koelpin','pasquale47@example.net','cfee6df34cf4c96deca09f1a74900ea3eddf6647','981'),
('174','Julien','Wilderman','ines.paucek@example.org','b7ac4af65d8596a9b206a82ba621f6852913dd46','55'),
('177','Odie','Greenfelder','icassin@example.org','82e225a76b785726c98216b032253a51be5840e2','441'),
('179','Kolby','Friesen','kbreitenberg@example.com','bc0f0255fbb10e1b68a60245c5a6891ecb926352','38'),
('181','Ashlee','Mosciski','nolan.kevon@example.com','eb8b34f76a44a7a530bb0aab46acac054baaa34c','74'),
('182','Guiseppe','Stamm','ylesch@example.org','7e248ce96753b83133918d6383f3fec16bbbc217','397282'),
('183','Ashleigh','Kilback','bernhard.janessa@example.com','64b0fc47727100f5c1deb4658b5c84c28c58784f','439'),
('185','Jerel','Boyer','uo\'hara@example.com','fdb1d59d1f1fc401ffe31a79720bd5f4bd5c85b1','866787138'),
('186','Florence','Rohan','lakin.bria@example.com','737f0758af24a51927af52b03f7660baf2fd0528','283'),
('187','Shaina','Huels','antwan33@example.org','a6807384ce87ec16af70d1daa15f9f50a80257bc','164'),
('188','Lisa','Koepp','alexzander.prohaska@example.net','db88779a724ca47419ffb32715993f73bc0f367c','621779'),
('189','Mable','Abshire','effertz.ike@example.org','0f5358cef412d27a1133f83ccc5973d5808f98f4','9035962173'),
('191','Davon','Lesch','lakin.delphia@example.com','fc728c62452d38122e8afcaf0e1c44579803fad3','259985'),
('194','Travon','Stanton','ewindler@example.org','09efbd7ab45b4fa18c87ca05d0e6f7656ba4eca1','538'),
('195','Gage','Green','judd.zulauf@example.org','47b9b5fac0a2af0444f9e3079e67b3e1c3f35bbd','66'),
('196','Randy','Conn','schaden.grayson@example.org','93163c667a6ec31d7f387a6e4637728d8806ad34','242'),
('197','Chaim','Schoen','blake.mueller@example.net','022dedaea16affd0a98b0ce13b7e5a7ecd14f736','24060'),
('198','Sylvia','Kuvalis','jalen51@example.net','9d8336d2e85e328f88d7d050145f9edf7cc6731e','943'),
('199','Blaise','Pfannerstill','theo41@example.org','13737e93ba6d64cc362991be773dfc6833167a81','384');


DROP TABLE IF EXISTS `users_communities`;
CREATE TABLE `users_communities` (
  `user_id` bigint(20) unsigned NOT NULL,
  `communities_id` bigint(20) unsigned NOT NULL,
  PRIMARY KEY (`user_id`,`communities_id`),
  KEY `communities_id` (`communities_id`),
  CONSTRAINT `users_communities_ibfk_1` FOREIGN KEY (`user_id`) REFERENCES `users` (`id`),
  CONSTRAINT `users_communities_ibfk_2` FOREIGN KEY (`communities_id`) REFERENCES `communities` (`id`)
) ENGINE=InnoDB DEFAULT CHARSET=utf8 COLLATE=utf8_unicode_ci;

INSERT INTO `users_communities` VALUES ('101','1'),
('101','62'),
('103','2'),
('103','63'),
('105','3'),
('105','64'),
('106','4'),
('106','65'),
('107','5'),
('107','66'),
('108','6'),
('108','67'),
('109','7'),
('109','68'),
('112','8'),
('112','69'),
('113','9'),
('113','70'),
('114','10'),
('114','71'),
('117','11'),
('117','72'),
('118','12'),
('118','73'),
('119','13'),
('119','74'),
('121','14'),
('121','75'),
('123','15'),
('123','76'),
('124','16'),
('124','77'),
('125','17'),
('125','78'),
('126','18'),
('126','79'),
('127','19'),
('127','80'),
('133','20'),
('133','81'),
('136','21'),
('136','82'),
('138','22'),
('138','83'),
('140','23'),
('140','84'),
('142','24'),
('142','85'),
('143','25'),
('143','86'),
('144','26'),
('144','87'),
('147','27'),
('147','88'),
('148','28'),
('148','89'),
('149','29'),
('149','90'),
('150','30'),
('150','91'),
('151','31'),
('151','92'),
('155','32'),
('155','93'),
('156','33'),
('156','94'),
('157','34'),
('157','95'),
('160','35'),
('160','96'),
('161','36'),
('161','97'),
('162','37'),
('162','98'),
('163','38'),
('163','99'),
('164','39'),
('164','100'),
('165','40'),
('166','41'),
('167','42'),
('173','43'),
('174','44'),
('177','45'),
('179','46'),
('181','47'),
('182','48'),
('183','49'),
('185','50'),
('186','51'),
('187','52'),
('188','53'),
('189','54'),
('191','55'),
('194','56'),
('195','57'),
('196','58'),
('197','59'),
('198','60'),
('199','61');




/*!40101 SET SQL_MODE=@OLD_SQL_MODE */;
/*!40014 SET FOREIGN_KEY_CHECKS=@OLD_FOREIGN_KEY_CHECKS */;
/*!40014 SET UNIQUE_CHECKS=@OLD_UNIQUE_CHECKS */;
/*!40101 SET CHARACTER_SET_CLIENT=@OLD_CHARACTER_SET_CLIENT */;
/*!40101 SET CHARACTER_SET_RESULTS=@OLD_CHARACTER_SET_RESULTS */;
/*!40101 SET COLLATION_CONNECTION=@OLD_COLLATION_CONNECTION */;
/*!40111 SET SQL_NOTES=@OLD_SQL_NOTES */;
